,aa,conserv_percent
1,M,52.4547803617571
2,E,18.087855297157624
3,M,19.896640826873384
4,G,14.987080103359174
5,N,79.58656330749353
6,Q,16.5374677002584
7,T,43.927648578811365
8,S,16.020671834625322
9,V,53.746770025839794
10,T,48.57881136950905
11,E,61.49870801033591
12,F,96.38242894056847
13,I,54.78036175710594
14,L,86.56330749354005
15,L,51.42118863049095
16,G,96.64082687338501
17,L,50.129198966408275
18,S,34.883720930232556
19,D,27.648578811369507
20,D,13.695090439276486
21,P,48.837209302325576
22,E,26.356589147286826
23,L,49.09560723514212
24,Q,48.06201550387597
25,L,17.05426356589147
26,L,24.8062015503876
27,L,75.45219638242894
28,F,79.58656330749353
29,V,26.356589147286826
30,L,35.65891472868217
31,F,75.1937984496124
32,L,63.565891472868216
33,L,23.51421188630491
34,I,37.2093023255814
35,Y,92.76485788113695
36,L,44.44444444444444
37,V,21.705426356589147
38,T,57.88113695090439
39,L,41.86046511627907
40,L,29.97416020671835
41,G,90.43927648578811
42,N,100.0
43,L,40.310077519379846
44,L,32.81653746770026
45,I,47.54521963824289
46,I,67.95865633074936
47,L,26.098191214470283
48,L,55.03875968992248
49,I,65.63307493540051
50,R,18.6046511627907
51,L,28.940568475452196
52,D,55.55555555555556
53,S,31.52454780361757
54,R,30.23255813953488
55,L,83.4625322997416
56,H,71.31782945736434
57,T,57.622739018087856
58,P,99.74160206718346
59,M,99.2248062015504
60,Y,99.2248062015504
61,F,68.21705426356588
62,F,83.72093023255815
63,L,94.83204134366925
64,S,38.759689922480625
65,N,46.253229974160206
66,L,94.05684754521964
67,S,75.71059431524549
68,F,57.105943152454785
69,L,27.906976744186046
70,D,88.11369509043928
71,L,32.041343669250644
72,C,48.57881136950905
73,Y,48.837209302325576
74,S,55.03875968992248
75,S,53.746770025839794
76,V,31.007751937984494
77,T,35.65891472868217
78,T,31.266149870801037
79,P,97.1576227390181
80,K,61.49870801033591
81,M,61.75710594315246
82,L,72.3514211886305
83,V,29.71576227390181
84,N,36.17571059431525
85,F,43.669250645994836
86,L,45.47803617571059
87,S,30.490956072351423
88,E,14.21188630490956
89,D,14.470284237726098
90,T,21.188630490956072
91,I,94.05684754521964
92,S,83.20413436692506
93,F,45.47803617571059
94,A,21.44702842377261
95,G,56.33074935400517
96,C,100.0
97,M,29.198966408268735
98,T,31.782945736434108
99,Q,99.74160206718346
100,L,36.434108527131784
101,F,58.139534883720934
102,F,55.03875968992248
103,F,57.105943152454785
104,L,26.356589147286826
105,F,23.772609819121445
106,F,47.80361757105943
107,G,47.80361757105943
108,G,25.32299741602067
109,T,36.434108527131784
110,E,90.43927648578811
111,C,45.73643410852713
112,F,36.95090439276486
113,L,69.50904392764858
114,L,93.54005167958657
115,A,43.41085271317829
116,A,36.69250645994832
117,M,99.48320413436691
118,A,84.49612403100775
119,Y,78.0361757105943
120,D,100.0
121,R,99.74160206718346
122,Y,85.27131782945736
123,V,73.38501291989664
124,A,100.0
125,I,88.63049095607235
126,C,90.18087855297158
127,K,27.648578811369507
128,P,100.0
129,L,99.2248062015504
130,H,45.99483204134367
131,Y,99.2248062015504
132,T,22.997416020671835
133,T,34.10852713178294
134,I,51.162790697674424
135,M,89.92248062015504
136,S,50.90439276485789
137,P,27.648578811369507
138,R,33.33333333333333
139,V,36.17571059431525
140,C,87.08010335917312
141,V,16.020671834625322
142,L,22.22222222222222
143,L,70.80103359173127
144,V,41.86046511627907
145,A,23.25581395348837
146,G,28.940568475452196
147,S,47.80361757105943
148,W,54.78036175710594
149,I,25.581395348837212
150,G,24.54780361757106
151,G,55.81395348837209
152,F,22.48062015503876
153,L,24.54780361757106
154,L,21.705426356589147
155,H,20.671834625322997
156,S,33.33333333333333
157,L,20.41343669250646
158,I,27.39018087855297
159,H,33.59173126614987
160,T,46.253229974160206
161,G,18.6046511627907
162,L,35.400516795865634
163,T,28.42377260981912
164,L,28.42377260981912
165,R,28.68217054263566
166,L,78.81136950904393
167,P,46.51162790697674
168,F,78.29457364341084
169,C,96.12403100775194
170,G,55.55555555555556
171,P,29.97416020671835
172,N,52.97157622739018
173,V,23.25581395348837
174,I,69.50904392764858
175,N,32.81653746770026
176,H,81.91214470284238
177,F,70.28423772609818
178,F,66.9250645994832
179,C,100.0
180,D,64.85788113695091
181,I,28.42377260981912
182,P,50.64599483204134
183,P,53.229974160206716
184,L,60.72351421188631
185,L,62.01550387596899
186,K,50.3875968992248
187,L,86.30490956072352
188,A,45.73643410852713
189,C,71.57622739018088
190,S,33.850129198966414
191,D,48.57881136950905
192,T,48.837209302325576
193,S,20.41343669250646
194,I,23.772609819121445
195,N,48.320413436692505
196,E,57.36434108527132
197,L,36.17571059431525
198,V,27.906976744186046
199,V,22.22222222222222
200,F,40.05167958656331
201,I,25.839793281653744
202,V,17.571059431524546
203,S,24.289405684754524
204,G,38.759689922480625
205,F,22.997416020671835
206,I,32.55813953488372
207,L,27.39018087855297
208,L,23.51421188630491
209,V,22.739018087855296
210,P,44.44444444444444
211,F,39.01808785529715
212,L,31.52454780361757
213,L,36.95090439276486
214,I,64.34108527131784
215,L,51.42118863049095
216,V,28.165374677002585
217,S,95.60723514211887
218,Y,100.0
219,A,17.05426356589147
220,F,18.863049095607234
221,I,91.47286821705426
222,L,53.229974160206716
223,S,16.020671834625322
224,T,34.883720930232556
225,I,50.129198966408275
226,L,65.63307493540051
227,R,35.14211886304909
228,I,36.434108527131784
229,R,21.188630490956072
230,S,84.49612403100775
231,A,28.940568475452196
232,E,39.01808785529715
233,G,72.86821705426357
234,R,67.44186046511628
235,R,21.44702842377261
236,K,94.31524547803618
237,A,90.95607235142118
238,F,66.1498708010336
239,S,74.67700258397933
240,T,99.74160206718346
241,C,96.89922480620154
242,S,36.434108527131784
243,S,83.72093023255815
244,H,100.0
245,L,58.139534883720934
246,T,38.50129198966408
247,V,63.30749354005169
248,V,94.31524547803618
249,S,33.0749354005168
250,L,60.98191214470285
251,F,78.0361757105943
252,Y,65.89147286821705
253,G,71.57622739018088
254,T,32.041343669250644
255,A,24.289405684754524
256,I,41.343669250645995
257,F,54.52196382428941
258,M,23.51421188630491
259,Y,62.273901808785524
260,L,25.32299741602067
261,Y,31.007751937984494
262,P,26.873385012919897
263,P,31.52454780361757
264,P,33.59173126614987
265,S,38.24289405684754
266,S,39.01808785529715
267,Y,14.470284237726098
268,S,32.299741602067186
269,S,20.671834625322997
270,D,18.863049095607234
271,Q,14.470284237726098
272,D,21.963824289405682
273,K,30.749354005167955
274,V,17.05426356589147
275,V,28.68217054263566
276,S,52.71317829457365
277,V,43.927648578811365
278,F,71.83462532299741
279,Y,90.69767441860465
280,T,68.73385012919897
281,V,41.343669250645995
282,V,50.64599483204134
283,T,48.06201550387597
284,P,97.67441860465115
285,M,51.162790697674424
286,L,88.37209302325581
287,N,100.0
288,P,100.0
289,L,48.06201550387597
290,I,88.11369509043928
291,Y,99.74160206718346
292,S,65.89147286821705
293,L,87.33850129198967
294,R,94.05684754521964
295,N,93.7984496124031
296,K,76.48578811369508
297,E,45.73643410852713
298,V,67.44186046511628
299,K,72.3514211886305
300,G,22.48062015503876
301,A,86.30490956072352
302,L,53.229974160206716
303,K,40.05167958656331
304,K,59.17312661498708
305,L,37.46770025839793
306,L,40.82687338501292
307,G,17.31266149870801
308,R,33.0749354005168
309,K,18.087855297157624
310,K,12.661498708010335
311,S,12.144702842377262
312,S,17.05426356589147
313,K,9.043927648578812
