"","x","y","text","position","conservation","conv_evol_sum","log_reg_weight_count","log_reg_weight_sum","log_reg_weight_mean","domain","broad_domain","weight_conservation_res","convevol_conservation_res","weight_convevol_mean"
"1",10.3806023374436,123.615714860045,"M",1,52.4547803617571,1,19,4.61395394402249,0.00716217208816471,"N-terminus","3",0.0018483414418812,-3.79931741815272,0.503581086044082
"2",11.4644660940673,125.237831604153,"E",2,18.0878552971576,1,20,6.30718721623938,0.00516917177024689,"N-terminus","3",-0.0023386637446969,-5.99026521631489,0.502584585885123
"3",13.0865828381746,126.321695360776,"M",3,19.8966408268734,2,18,8.96156710530799,0.0040400289346047,"N-terminus","3",-0.00335233263988328,-4.87495217430636,1.0020200144673
"4",15,126.70229769822,"G",4,14.9870801033592,4,17,7.77295949470937,0.00545890137404007,"N-terminus","3",-0.00224688946739938,-3.18794471690095,2.00272945068702
"5",16.9134171618254,126.321695360776,"N",5,79.5865633074935,2,19,5.02432560663831,0.0111498144689295,"N-terminus","3",0.00756809292948304,-1.0696217880247,1.00557490723446
"6",18.5355339059327,125.237831604153,"Q",6,16.5374677002584,3,19,7.30052661037786,0.00591927237720997,"N-terminus","3",-0.00168754080098165,-4.08910496660792,1.50295963618861
"7",19.6193976625564,123.615714860045,"T",7,43.9276485788114,4,18,3.34122558847065,0.00408343384263166,"N-terminus","3",-0.00177477395151495,-1.34293604476439,2.00204171692132
"8",20,121.70229769822,"S",8,16.0206718346253,4,19,10.5159961980427,0.00602842458073612,"N-terminus","3",-0.00161138115187144,-3.12205155003893,2.00301421229037
"9",20,119.70229769822,"V",9,53.7467700258398,8,21,8.41578653590333,0.00842031342673301,"N-terminus","3",0.00318896416648933,3.2830490404248,4.00421015671337
"10",20,117.70229769822,"T",10,48.578811369509,5,18,9.47679615209266,0.00741325043583664,"N-terminus","3",0.00185197563143353,-0.0464167938853019,2.50370662521792
"11",20,115.70229769822,"E",11,61.4987080103359,5,20,7.50921888426264,0.00783964719472494,"N-terminus","3",0.00310318625072042,0.777247791889946,2.50391982359736
"12",20,113.70229769822,"F",12,96.3824289405685,1,5,0.0514706282919229,0.00251652017931849,"N-terminus","3",7.05665839016097e-06,-0.998857826516881,0.501258260089659
"13",20,111.70229769822,"I",13,54.7803617571059,4,18,1.45908560810523,0.00277054942909857,"N-terminus","3",-0.00239481472231322,-0.651057792713183,2.00138527471455
"14",20,109.70229769822,"L",14,86.5633074935401,2,12,1.40392734502921,0.00321899245131993,"N-terminus","3",8.26703964886746e-05,-0.62484291170607,1.00160949622566
"15",20,107.70229769822,"L",15,51.421188630491,3,19,4.82655648933472,0.00735235419012366,"N-terminus","3",0.00197253843500824,-1.86521058501475,1.50367617709506
"16",20,105.70229769822,"G",16,96.640826873385,0,6,0.47562084157217,0.00990304351621027,"N-terminus","3",0.00741007627248991,-1.98238453480138,0.00495152175810513
"17",20,103.70229769822,"L",17,50.1291989664083,1,13,1.23448671870214,0.00114443580123872,"N-terminus","3",-0.00431786133991656,-3.94757704359227,0.500572217900619
"18",20,101.70229769822,"S",18,34.8837209302326,8,18,16.1129287050369,0.00921308154269251,"N-terminus","3",0.00277750404626688,2.08049874519293,4.00460654077135
"19",20,99.7022976982199,"D",19,27.6485788113695,5,17,6.79654753109274,0.00325919559643792,"N-terminus","3",-0.00363827766181091,-1.38075342284121,2.50162959779822
"20",20,97.7022976982199,"D",20,13.6950904392765,7,18,12.3669509678956,0.00544737691756044,"N-terminus","3",-0.00234089530991887,-0.270311175478475,3.50272368845878
"21",20,95.7022976982199,"P",21,48.8372093023256,8,20,6.97061152788653,0.00585569064097564,"N-terminus","3",0.000310912113780501,2.9700564978302,4.00292784532049
"22",20,93.7022976982199,"E",22,26.3565891472868,2,19,11.3961871161065,0.00504344757807187,"N-terminus","3",-0.00193650706621682,-4.46311988141873,1.00252172378904
"23",20,91.7022976982199,"L",23,49.0956072351421,5,21,14.488408533324,0.0108277961402119,"N-terminus","3",0.0052995138902247,-0.0134702104542922,2.50541389807011
"24",22,89.7022976982199,"Q",24,48.062015503876,6,18,9.2416176111382,0.00776746321370254,"TMD1 Upper","1",0.00217319585488348,0.920636622683688,3.00388373160685
"25",20,88.49017672809,"L",25,17.0542635658915,3,21,8.71311090051424,0.00879635383500872,"TMD1 Upper","1",0.00122253321123304,-4.05615838317691,1.5043981769175
"26",18,87.27805572809,"L",26,24.8062015503876,11,19,7.24537001591641,0.00510381596653104,"TMD1 Upper","1",-0.00197511634100548,4.43804036828824,5.50255190798327
"27",23,87.88411572809,"L",27,75.4521963824289,5,17,3.27245990723407,0.00393851286043496,"TMD1 Upper","1",9.28508856609185e-05,1.66680554452722,2.50196925643022
"28",21,86.67199472809,"F",28,79.5865633074935,6,19,7.6399516367792,0.00913795282138807,"TMD1 Upper","1",0.00555623128194157,2.9303782119753,3.00456897641069
"29",19,85.45987372809,"V",29,26.3565891472868,5,20,9.2511962898005,0.0083469771059899,"TMD1 Upper","1",0.00136702246170121,-1.46311988141873,2.504173488553
"30",17,84.24775272809,"L",30,35.6589147286822,3,18,3.56977910760989,0.00279332519373224,"TMD1 Upper","1",-0.00359276347106946,-2.87008137966055,1.50139666259687
"31",22,84.2477526982199,"F",31,75.1937984496124,4,13,2.36513364089417,0.00244584067720718,"TMD1 Upper","1",-0.00141631757477483,0.650332252811711,2.0012229203386
"32",20,83.03563172809,"L",32,63.5658914728682,4,18,3.6301548595153,0.00317586541619969,"TMD1 Upper","1",-0.00142862531014106,-0.0909658743860133,2.0015879327081
"33",18,81.82351072809,"L",33,23.5142118863049,6,18,7.59301797984623,0.00568682410756758,"TMD1 Upper","1",-0.0014745895860088,-0.644326090289285,3.00284341205378
"34",23,82.42957072809,"I",34,37.2093023255814,6,17,5.66255179493008,0.00542308695664998,"TMD1 Upper","1",-0.000864024044903892,0.228758370632479,3.00271154347833
"35",21,81.21744972809,"Y",35,92.7648578811369,4,11,-2.00472866365975,-0.00963268421682038,"TMD1 Upper","1",-0.0123730956186603,1.77051608946605,1.99518365789159
"36",19,80.00532872809,"L",36,44.4444444444444,5,16,3.79543777164193,0.00414855063447873,"TMD1 Upper","1",-0.00167666460525193,-0.309989461333382,2.50207427531724
"37",17,78.79320772809,"V",37,21.7054263565891,6,20,10.2749617945305,0.0106567703466229,"TMD1 Upper","1",0.00337988271259073,-0.75963913229782,3.00532838517331
"38",22,78.7932076982199,"T",38,57.8811369509044,5,17,1.8760827294805,0.000800846312574619,"TMD1 Lower","2",-0.00416656251234151,0.546621707872877,2.50040042315629
"39",20,77.58108672809,"L",39,41.8604651162791,5,18,3.37541798343287,0.00701656917682093,"TMD1 Lower","2",0.00102639116501054,-0.474722378488432,2.50350828458841
"40",18,76.36896572809,"L",40,29.9741602067183,5,18,11.2776994444717,0.00627441612652635,"TMD1 Lower","2",-0.000474590636850732,-1.23249379740166,2.50313720806326
"41",23,76.97502572809,"G",41,90.4392764857881,0,13,2.91575978988844,0.00366315470118046,"TMD1 Lower","2",0.000774276804468779,-2.3777435359735,0.00183157735059023
"42",21,75.76290472809,"N",42,100,0,0,0,0,"TMD1 Lower","2",-0.00227851564001672,-1.76823174249981,0
"43",19,74.55078372809,"L",43,40.3100775193798,9,19,8.75909646842151,0.00814251088315683,"TMD1 Lower","2",0.00205335520809862,3.42643787121854,4.50407125544158
"44",17,73.33866272809,"L",44,32.8165374677003,7,18,7.72137321297111,0.00428856988422405,"TMD1 Lower","2",-0.00227897782986534,0.948712411468894,3.50214428494211
"45",22,73.3386626982199,"I",45,47.5452196382429,5,14,2.63422870814877,0.00283402582754164,"TMD1 Lower","2",-0.00279323408569336,-0.112309960747322,2.50141701291377
"46",20,72.12654172809,"I",46,67.9586563307494,6,14,4.29757354420921,0.00754097808826101,"TMD1 Lower","2",0.00321692407445578,2.18908008477757,3.00377048904413
"47",18,70.91442072809,"L",47,26.0981912144703,1,18,4.23488507761687,0.00445588276175597,"TMD1 Lower","2",-0.00254056815974069,-5.47959317313424,0.502227941380878
"48",23,71.52048072809,"L",48,55.0387596899225,6,19,5.09169457427685,0.00592267487261304,"TMD1 Lower","2",0.000773806998409226,1.36541549900232,3.00296133743631
"49",21,70.30835972809,"I",49,65.6330749354005,6,13,1.45324774515073,0.00192091515626696,"TMD1 Lower","2",-0.00255160535241001,2.04082045933803,3.00096045757813
"50",19,69.09623872809,"R",50,18.6046511627907,4,18,6.79353340410373,0.00305943673134751,"TMD1 Lower","2",-0.00441540622918033,-2.95731863288388,2.00152971836567
"51",17,67.88411772809,"L",51,28.9405684754522,5,18,9.29533188725479,0.00450021426086189,"TMD1 Lower","2",-0.00231477761134708,-1.29838696426368,2.50225010713043
"52",20.4951556604879,64.7146990325022,"D",52,55.5555555555556,6,17,5.82315840620817,0.00547157822848632,"IC1","4",0.000355702908698448,1.39836208243333,3.00273578911424
"53",21.8825509907063,62.9749603157499,"S",53,31.5245478036176,6,18,6.52457595352027,0.012555037460773,"IC1","4",0.00590500836064373,-0.133654047108631,3.00627751873039
"54",23.8873953302184,62.0094781671809,"R",54,30.2325581395349,12,19,7.52790077609659,0.00502887840028051,"IC1","4",-0.00170363208588861,5.78397949431384,6.00251443920014
"55",26.1126046697816,62.0094781671809,"L",55,83.4625322997416,4,13,3.08606373582893,0.0109855795811696,"IC1","4",0.00765130219984273,1.17747758770787,2.00549278979058
"56",28.1174490092937,62.9749603157499,"H",56,71.3178294573643,6,17,4.77535019397311,0.00664484703518365,"IC1","4",0.00253524462508206,2.40323287707914,3.00332242351759
"57",29.5048443395121,64.7146990325022,"T",57,57.6227390180879,4,18,8.54460437523738,0.00487315787432337,"IC1","4",-0.000110747227800728,-0.469851583842628,2.00243657893716
"58",32,68.2647714946692,"P",58,99.7416020671835,0,0,0,0,"TMD2 Lower","2",-0.00229501191722469,-1.78470503421532,0
"59",27,68.2647715245394,"M",59,99.2248062015504,0,0,0,0,"TMD2 Lower","2",-0.00232800447164064,-1.81765161764633,0
"60",29,69.4768925245394,"Y",60,99.2248062015504,0,2,-3.0254107463008e-06,5.94739356551143e-08,"TMD2 Lower","2",-0.00232794499770498,-1.81765161764633,2.97369678275571e-08
"61",31,70.6890135245394,"F",61,68.2170542635659,7,18,3.06763015245022,0.00133143922053169,"TMD2 Lower","2",-0.00297611851606557,3.20555337649308,3.50066571961027
"62",33,71.9011345245394,"F",62,83.7209302325581,0,8,3.99278052847978e-05,6.13396923139271e-08,"TMD2 Lower","2",-0.00331771976442663,-2.80604912057662,3.06698461569635e-08
"63",28,71.2950745245394,"L",63,94.8320413436692,1,8,0.33237969678395,0.00228368182505564,"TMD2 Lower","2",-0.000324759359120518,-1.09769757680991,0.501141840912528
"64",30,72.5071955245394,"S",64,38.7596899224806,5,16,10.7811002257695,0.0073507201337526,"TMD2 Lower","2",0.00116258679544656,-0.672401879074491,2.50367536006688
"65",32,73.7193164946692,"N",65,46.2532299741602,4,20,18.5667410927502,0.0141087429216266,"TMD2 Lower","2",0.00839900162235172,-1.19467641932485,2.00705437146081
"66",27,73.7193165245394,"L",66,94.0568475452196,0,3,0.229374646010665,0.00855756942650303,"TMD2 Lower","2",0.00589963941070296,-2.14711745195643,0.00427878471325152
"67",29,74.9314375245394,"S",67,75.7105943152455,0,7,-2.23760780889619e-05,-1.95774662180088e-08,"TMD2 Lower","2",-0.00382918527503229,-3.31672116375728,-9.78873310900441e-09
"68",31,76.1435585245394,"F",68,57.1059431524548,4,17,7.44559234244154,0.0100590179774287,"TMD2 Lower","2",0.00504212032088863,-0.502798167273638,2.00502950898871
"69",33,77.3556795245394,"L",69,27.906976744186,7,20,6.27465293770145,0.00747497145694534,"TMD2 Lower","2",0.000593994475904477,0.635719868874299,3.50373748572847
"70",28,76.7496195245394,"D",70,88.1136950904393,4,7,-6.54924704883932e-05,-1.24629772120698e-07,"TMD2 Lower","2",-0.00303746902135555,1.47399683858696,1.99999993768511
"71",30,77.9617405245394,"L",71,32.0413436692506,7,19,5.32785875154383,0.00425373535234294,"TMD2 Lower","2",-0.00236330119337037,0.899292536322379,3.50212686767617
"72",32,79.1738614946692,"C",72,48.578811369509,4,20,18.2927956468374,0.0149970587835558,"TMD2 Lower","2",0.00943578397915272,-1.0464167938853,2.00749852939178
"73",27,79.1738615245394,"Y",73,48.8372093023256,5,18,10.2311812245656,0.00574278770136835,"TMD2 Upper","1",0.00019800917417321,-0.0299435021697976,2.50287139385068
"74",29,80.3859825245394,"S",74,55.0387596899225,4,17,4.03900573830308,0.00421655380535075,"TMD2 Upper","1",-0.000932314068853065,-0.634584500997678,2.00210827690268
"75",31,81.5981035245394,"S",75,53.7467700258398,3,15,3.0432872259771,0.00376617148345721,"TMD2 Upper","1",-0.00146517777678647,-1.7169509595752,1.50188308574173
"76",33,82.8102245245394,"V",76,31.0077519379845,8,19,2.24025490739534,0.00222682303683241,"TMD2 Upper","1",-0.00445619861771279,1.83339936946036,4.00111341151842
"77",28,82.2041645245394,"T",77,35.6589147286822,1,16,7.30386881655686,0.00454318346414392,"TMD2 Upper","1",-0.00184290520065779,-4.87008137966055,0.502271591732072
"78",30,83.4162855245394,"T",78,31.266149870801,1,18,3.31466704030247,0.00260187985336686,"TMD2 Upper","1",-0.00406464552397037,-5.15012733882414,0.501300939926683
"79",32,84.6284064946692,"P",79,97.1576227390181,0,4,0.170930224725863,0.0107698158626583,"TMD2 Upper","1",0.00830984117335392,-1.94943795137037,0.00538490793132917
"80",27,84.6284065245394,"K",80,61.4987080103359,4,16,3.39588415505714,0.00411401819492646,"TMD2 Upper","1",-0.000622442749078061,-0.222752208110054,2.00205700909746
"81",29,85.8405275245394,"M",81,61.7571059431525,5,14,5.15780785453377,0.00263234266990212,"TMD2 Upper","1",-0.00208762199689443,0.793721083605452,2.50131617133495
"82",31,87.0526485245394,"L",82,72.3514211886305,2,14,2.69355513321781,0.00190095431075724,"TMD2 Upper","1",-0.00214266299051246,-1.53087395605884,1.00095047715538
"83",33,88.2647695245394,"V",83,29.7157622739018,1,19,6.11372590275258,0.00535492183335263,"TMD2 Upper","1",-0.00141058120723243,-5.24896708911717,0.502677460916676
"84",28,87.6587095245394,"N",84,36.1757105943152,7,20,10.1682067671732,0.00739757500213984,"TMD2 Upper","1",0.00104447889175408,1.16286520377046,3.50369878750107
"85",30,88.8708305245394,"F",85,43.6692506459948,10,18,7.97146169343565,0.00666894867199129,"TMD2 Upper","1",0.000794244600636715,4.6405906635201,5.003334474336
"86",32,90.0829514946692,"L",86,45.4780361757106,7,18,7.71939704466222,0.00773869434409368,"TMD2 Upper","1",0.00197946421319491,1.75590370552864,3.50386934717205
"87",30.4951556604879,94.1940997006559,"S",87,30.4909560723514,9,18,8.1385451791539,0.0052547318254333,"EC1","3",-0.00146128238352784,2.80045278602935,4.50262736591272
"88",31.8825509907063,95.9338384174082,"E",88,14.2118863049096,8,18,13.5476782629546,0.00653408235547071,"EC1","3",-0.00122119731759266,0.762635407952535,4.00326704117774
"89",33.8873953302184,96.8993205659772,"D",89,14.4702842377261,5,18,9.11175487541178,0.00429185399254623,"EC1","3",-0.00344692940330917,-2.22089130033196,2.50214592699627
"90",36.1126046697816,96.8993205659772,"T",90,21.1886304909561,4,19,8.21220371371659,0.00751413432912398,"EC1","3",0.000204254140675854,-2.79258571572883,2.00375706716456
"91",38.1174490092937,95.9338384174082,"I",91,94.0568475452196,2,8,1.12754492564606,0.0069482114156263,"EC1","3",0.00429028139982622,-0.147117451956426,1.00347410570781
"92",39.5048443395121,94.1940997006559,"S",92,83.2041343669251,3,13,1.59319295824383,0.00429752746997939,"EC1","3",0.000946753811444505,0.161004295992365,1.50214876373499
"93",42,92.0246810050681,"F",93,45.4780361757106,6,18,12.0152983989348,0.0144131232601555,"TMD3 Upper","1",0.00865389312925667,0.755903705528638,3.00720656163008
"94",40,90.8125600349382,"A",94,21.4470284237726,3,19,12.1921543380066,0.00487651843187219,"TMD3 Upper","1",-0.00241686547936796,-3.77611242401332,1.50243825921594
"95",38,89.6004390349382,"G",95,56.3307493540052,4,17,3.91461499595433,0.00467696387285203,"TMD3 Upper","1",-0.000389422615311925,-0.552218042420153,2.00233848193643
"96",43,90.2064990349382,"C",96,100,0,0,0,0,"TMD3 Upper","1",-0.00227851564001672,-1.76823174249981,0
"97",41,88.9943780349382,"M",97,29.1989664082687,8,19,8.49639586369965,0.0100516180685988,"TMD3 Upper","1",0.00325312247359781,1.71808632745182,4.0050258090343
"98",39,87.7822570349382,"T",98,31.7829457364341,8,18,4.88916745646309,0.00339020416209282,"TMD3 Upper","1",-0.00324332866082846,1.88281924460687,4.00169510208105
"99",37,86.5701360349382,"Q",99,99.7416020671835,0,0,0,0,"TMD3 Upper","1",-0.00229501191722469,-1.78470503421532,0
"100",42,86.5701360050681,"L",100,36.4341085271318,8,18,6.31193598585137,0.00744039314021637,"TMD3 Upper","1",0.00110379330703858,2.17933849548596,4.00372019657011
"101",40,85.3580150349382,"F",101,58.1395348837209,6,18,1.22942643949845,0.00268150872442365,"TMD3 Upper","1",-0.0022694038232845,1.56309499958838,3.00134075436221
"102",38,84.1458940349382,"F",102,55.0387596899225,6,17,6.50206322239012,0.00354193144047589,"TMD3 Upper","1",-0.00160693643372793,1.36541549900232,3.00177096572024
"103",43,84.7519540349382,"F",103,57.1059431524548,6,21,10.3527048108694,0.00974921150023757,"TMD3 Upper","1",0.00473231384369753,1.49720183272636,3.00487460575012
"104",41,83.5398330349382,"L",104,26.3565891472868,7,18,8.79709448819123,0.00434447900480313,"TMD3 Upper","1",-0.00263547563948556,0.536880118581269,3.5021722395024
"105",39,82.3277120349382,"F",105,23.7726098191214,7,18,8.52711691334226,0.00536877864538635,"TMD3 Upper","1",-0.00177613877098206,0.372147201426219,3.50268438932269
"106",37,81.1155910349382,"F",106,47.8036175710594,5,18,13.2614198072899,0.0150351160825467,"TMD3 Upper","1",0.00942435244651965,-0.095836669031817,2.50751755804127
"107",42,81.1155910050681,"G",107,47.8036175710594,8,17,15.7955260865852,0.0137817754955631,"TMD3 Upper","1",0.00817101185953607,2.90416333096818,4.00689088774778
"108",40,79.9034700349382,"G",108,25.3229974160207,10,20,12.8853759932999,0.00907281923677318,"TMD3 Upper","1",0.0020268794836526,3.47098695171925,5.00453640961839
"109",38,78.6913490349382,"T",109,36.4341085271318,6,19,7.07144016939143,0.004835496121658,"TMD3 Upper","1",-0.00150110371151979,0.179338495485964,3.00241774806083
"110",43,79.2974090349382,"E",110,90.4392764857881,4,10,0.671241435256588,0.00418457189318061,"TMD3 Lower","2",0.00129569399646893,1.62225646402651,2.00209228594659
"111",41,78.0852880349382,"C",111,45.7364341085271,8,19,12.1169655639987,0.00752473883326495,"TMD3 Lower","2",0.00178200497957414,2.77237699724414,4.00376236941663
"112",39,76.8731670349382,"F",112,36.9509043927649,7,18,9.76351778827323,0.00574340835284742,"TMD3 Lower","2",-0.000560198925914426,1.21228507891697,3.50287170417642
"113",37,75.6610460349382,"L",113,69.5090439276486,5,14,2.65419846507104,0.00265302421725793,"TMD3 Lower","2",-0.00157205213329946,1.2879198350706,2.50132651210863
"114",42,75.6610460050681,"L",114,93.5400516795866,0,8,2.61874984882394,0.00804035795669872,"TMD3 Lower","2",0.00534943538648271,-2.18006403538743,0.00402017897834936
"115",40,74.4489250349382,"A",115,43.4108527131783,4,19,11.9903368120258,0.0125543611798137,"TMD3 Lower","2",0.00666316083125119,-1.3758826281954,2.00627718058991
"116",38,73.2368040349382,"A",116,36.6925064599483,5,16,7.04486849378477,0.00393478451964885,"TMD3 Lower","2",-0.00238531903632097,-0.804188212798531,2.50196739225982
"117",43,73.8428640349382,"M",117,99.4832041343669,0,1,-7.58437072211905e-06,-2.70870382932823e-07,"TMD3 Lower","2",-0.0023117790648156,-1.80117832593082,-1.35435191466412e-07
"118",41,72.6307430349382,"A",118,84.4961240310078,4,10,0.015375403315434,0.00019152711965318,"TMD3 Lower","2",-0.00307676515284185,1.24337075456989,2.00009576355983
"119",39,71.4186220349382,"Y",119,78.0361757105943,2,13,3.76975465272253,0.0111055384557223,"TMD3 Lower","2",0.00742483925302794,-1.16846153831773,1.00555276922786
"120",37,70.2065010349382,"D",120,100,0,0,0,0,"TMD3 Lower","2",-0.00227851564001672,-1.76823174249981,0
"121",42,70.2065010050681,"R",121,99.7416020671835,1,0,0,0,"TMD3 Lower","2",-0.00229501191722469,-0.784705034215316,0.5
"122",40,68.9943800349382,"Y",122,85.2713178294574,3,11,0.717172163233209,0.00485316030246459,"TMD3 Lower","2",0.00163435686159347,0.292790629716405,1.50242658015123
"123",38,67.7822590349382,"V",123,73.3850129198966,6,15,2.10970508743167,0.00284893791246634,"TMD3 Lower","2",-0.00112869427997148,2.53501921080318,3.00142446895623
"124",43,68.3883190349382,"A",124,100,0,0,0,0,"TMD3 Lower","2",-0.00227851564001672,-1.76823174249981,0
"125",41,67.1761980349382,"I",125,88.6304909560724,3,7,6.73319376574085e-07,9.03720464625553e-09,"TMD3 Lower","2",-0.00300434279996283,0.50694342201797,1.5000000045186
"126",39,65.9640770349382,"C",126,90.1808785529716,2,10,0.368477063062669,0.00522176674197311,"TMD3 Lower","2",0.00231639256805346,-0.394216827689,1.00261088337099
"127",40,62.9640770349382,"K",127,27.6485788113695,6,19,4.79858933836799,0.00402839635049145,"IC2","4",-0.00286907690775738,-0.380753422841206,3.00201419817525
"128",40.4951556604879,59.8197754843153,"P",128,100,0,0,0,0,"IC2","4",-0.00227851564001672,-1.76823174249981,0
"129",41.8825509907063,58.080036767563,"L",129,99.2248062015504,0,5,-0.42662581580293,-0.0055465451695988,"IC2","4",-0.00787454964123943,-1.81765161764633,-0.0027732725847994
"130",43.8873953302184,57.114554618994,"H",130,45.9948320413437,10,18,5.51402248963996,0.00403668273632216,"IC2","4",-0.00168955484016067,4.78885028895965,5.00201834136816
"131",46.1126046697816,57.114554618994,"Y",131,99.2248062015504,0,3,-4.7462925749297e-06,-7.01157802797471e-08,"IC2","4",-0.00232807458742092,-1.81765161764633,-3.50578901398736e-08
"132",48.1174490092937,58.080036767563,"T",132,22.9974160206718,4,19,11.8192762173828,0.00866853724558602,"IC2","4",0.00147413099759369,-2.6772726737203,2.00433426862279
"133",49.5048443395121,59.8197754843153,"T",133,34.1085271317829,5,15,4.77009896196435,0.00289495364359391,"IC2","4",-0.00359011268445563,-0.968921129953581,2.5014474768218
"134",50,61.9891941799031,"I",134,51.1627906976744,7,20,13.8009560868274,0.0101257230879651,"IC2","4",0.00472941105564168,2.11831612326975,3.50506286154398
"135",50,64.9891941799031,"M",135,89.922480620155,0,9,0.931002684541114,0.00331263054957803,"IC2","4",0.000390760098450412,-2.4106901194045,0.00165631527478902
"136",50,67.9891941799031,"S",136,50.9043927648579,4,17,4.10135236965596,0.00446951643519658,"IC2","4",-0.000943291874334787,-0.898157168445757,2.0022347582176
"137",52,70.9891941799031,"P",137,27.6485788113695,5,20,11.8039257724894,0.00617710844696689,"TMD4 Lower","2",-0.000720364811281938,-1.38075342284121,2.50308855422348
"138",47,70.9891942097733,"R",138,33.3333333333333,9,20,7.47695501773553,0.00712504753284887,"TMD4 Lower","2",0.000590492373175422,2.9816589948999,4.50356252376642
"139",49,72.2013152097733,"V",139,36.1757105943152,7,17,5.68589699169825,0.00405605219792504,"TMD4 Lower","2",-0.00229704391246072,1.16286520377046,3.50202802609896
"140",51,73.4134362097733,"C",140,87.0801033591731,0,13,2.81983576083355,0.00393368145022772,"TMD4 Lower","2",0.000830351949812409,-2.59189632827506,0.00196684072511386
"141",53,74.6255572097733,"V",141,16.0206718346253,4,19,7.87733150941906,0.00597338382924078,"TMD4 Lower","2",-0.00166642190336679,-3.12205155003893,2.00298669191462
"142",48,74.0194972097733,"L",142,22.2222222222222,4,17,11.2880877258814,0.0057097835749115,"TMD4 Lower","2",-0.00153411150470474,-2.72669254886681,2.00285489178746
"143",50,75.2316182097733,"L",143,70.8010335917313,6,13,3.66309145801386,0.002704867646821,"TMD4 Lower","2",-0.00143772731769653,2.37028629364813,3.00135243382341
"144",52,76.4437391799031,"V",144,41.8604651162791,6,18,4.7066429417415,0.00359988709250664,"TMD4 Lower","2",-0.00239029091930374,0.525277621511569,3.00179994354625
"145",47,76.4437392097733,"A",145,23.2558139534884,3,15,2.70025744567681,0.00212045319532655,"TMD4 Lower","2",-0.00505745677545781,-3.66079938200479,1.50106022659766
"146",49,77.6558602097733,"G",146,28.9405684754522,6,17,2.65203357041911,0.00199570472504377,"TMD4 Lower","2",-0.0048192871471652,-0.298386964263681,3.00099785236252
"147",51,78.8679812097733,"S",147,47.8036175710594,3,17,4.48200137730138,0.00312952500686044,"TMD4 Lower","2",-0.00248123862916659,-2.09583666903182,1.50156476250343
"148",53,80.0801022097733,"W",148,54.7803617571059,7,18,6.11594697439117,0.0071193768792119,"TMD4 Upper","1",0.00195401272780011,2.34894220728682,3.50355968843961
"149",48,79.4740422097733,"I",149,25.5813953488372,4,17,6.38328353097422,0.00374863905682716,"TMD4 Upper","1",-0.00328080441908545,-2.51253975656525,2.00187431952841
"150",50,80.6861632097733,"G",150,24.5478036175711,3,18,11.3105992681187,0.00617282664094468,"TMD4 Upper","1",-0.000922601943799819,-3.57843292342727,1.50308641332047
"151",52,81.8982841799031,"G",151,55.8139534883721,3,17,0.996560944648736,0.00314065986945787,"TMD4 Upper","1",-0.00195871917312203,-1.58516462585116,1.50157032993473
"152",47,81.8982842097733,"F",152,22.4806201550388,6,18,7.56314018558664,0.00348450405857199,"TMD4 Upper","1",-0.00374289474383628,-0.710219257151305,3.00174225202929
"153",49,83.1104052097733,"L",153,24.5478036175711,11,18,7.25016006986026,0.0041652449688409,"TMD4 Upper","1",-0.0029301836159036,4.42156707657273,5.50208262248442
"154",51,84.3225262097733,"L",154,21.7054263565891,7,18,14.7906406340192,0.0063673686406166,"TMD4 Upper","1",-0.000909518993415586,0.24036086770218,3.50318368432031
"155",53,85.5346472097733,"H",155,20.671834625323,12,20,70.9582833725891,0.0378509762544488,"TMD4 Upper","1",0.0305081035115848,5.17446770084016,6.01892548812722
"156",48,84.9285872097733,"S",156,33.3333333333333,8,19,23.1092954600732,0.0149385480762836,"TMD4 Upper","1",0.0084039929166101,1.9816589948999,4.00746927403814
"157",50,86.1407082097733,"L",157,20.4134366925065,5,19,20.1376127752521,0.0127069609160551,"TMD4 Upper","1",0.00534759189598311,-1.84200559087535,2.50635348045803
"158",52,87.3528291799031,"I",158,27.390180878553,10,21,25.0709879870665,0.0174523341270342,"TMD4 Upper","1",0.0105383645915774,3.60277328544329,5.00872616706352
"159",50,89.3528291799031,"H",159,33.5917312661499,12,21,13.0129094920091,0.010444142345705,"EC2","3",0.00392608346323956,5.99813228661541,6.00522207117285
"160",50,91.4861625132365,"T",160,46.2532299741602,3,17,3.58855873370468,0.00285585694633982,"EC2","3",-0.00285388435293504,-2.19467641932485,1.50142792847317
"161",50,93.6194958465698,"G",161,18.6046511627907,4,18,9.33267510102759,0.00624302274281773,"EC2","3",-0.00123182021771012,-2.95731863288388,2.00312151137141
"162",50,95.7528291799031,"L",162,35.4005167958656,6,19,15.0705101058906,0.0123974272996824,"EC2","3",0.00599484235767267,0.113445328623944,3.00619871364984
"163",50,97.8861625132365,"T",163,28.4237726098191,7,17,9.21641078511909,0.00449399177731225,"EC2","3",-0.00235399264931266,0.668666452305309,3.50224699588866
"164",50,100.01949584657,"L",164,28.4237726098191,8,19,8.57968887914958,0.00455356421062312,"EC2","3",-0.0022944202160018,1.66866645230531,4.00227678210531
"165",50,102.152829179903,"R",165,28.6821705426357,9,18,9.53771860891051,0.00670424183187634,"EC2","3",-0.000127246317540606,2.68513974402081,4.50335212091594
"166",50,104.286162513236,"L",166,78.8113695090439,10,16,8.89210093997338,0.00692338842738184,"EC2","3",0.00329217805631143,6.88095833682878,5.00346169421369
"167",50,106.41949584657,"P",167,46.5116279069767,8,16,8.88317574720289,0.0085530160516085,"EC2","3",0.00285977102954161,2.82179687239066,4.0042765080258
"168",50,108.552829179903,"F",168,78.2945736434108,3,14,1.62060840713201,0.00248345615851928,"EC2","3",-0.00118074676696707,-0.15198824660223,1.50124172807926
"169",50,110.686162513236,"C",169,96.1240310077519,1,8,-0.43797626721605,0.00441722206846934,"EC2","3",0.00189126227033304,-1.01533111823239,0.502208611034235
"170",50,112.81949584657,"G",170,55.5555555555556,7,18,9.33265521770743,0.00437094258066867,"EC2","3",-0.000744932739119203,2.39836208243333,3.50218547129033
"171",50,114.952829179903,"P",171,29.9741602067183,5,18,9.81694096881219,0.00463692767760155,"EC2","3",-0.00211207908577554,-1.23249379740166,2.5023184638388
"172",50,117.086162513236,"N",172,52.9715762273902,9,16,6.99583157029821,0.00533804516375519,"EC2","3",5.72070718875989e-05,4.23362916527828,4.50266902258188
"173",50,119.21949584657,"V",173,23.2558139534884,5,19,11.9164662396945,0.00836316340884957,"EC2","3",0.00118525343806521,-1.66079938200479,2.50418158170442
"174",50,121.352829179903,"I",174,69.5090439276486,4,13,1.462041892331,0.00154653794984621,"EC2","3",-0.00267853840071119,0.287919835070601,2.00077326897492
"175",50.4951556604879,123.522247875491,"N",175,32.8165374677003,5,18,5.76792918140079,0.0043873181913971,"EC2","3",-0.0021802295226923,-1.05128758853111,2.5021936590957
"176",51.8825509907063,125.261986592243,"H",176,81.9121447028424,2,14,6.35856024996997,0.00519355621881898,"EC2","3",0.00176030117424423,-0.921362162585159,1.00259677810941
"177",53.8873953302184,126.227468740812,"F",177,70.2842377260982,3,14,4.85654075484984,0.00472845518022815,"EC2","3",0.000552867661294665,-0.662660289782884,1.50236422759011
"178",56.1126046697816,126.227468740812,"F",178,66.9250645994832,4,19,4.63690735733017,0.00580965214620273,"EC2","3",0.00141961302356561,0.123186917915552,2.0029048260731
"179",58.1174490092937,125.261986592243,"C",179,100,0,0,0,0,"EC2","3",-0.00227851564001672,-1.76823174249981,0
"180",59.5048443395121,123.522247875491,"D",180,64.8578811369509,4,10,1.77946386855412,0.00245663751013325,"EC2","3",-0.00206537183016764,-0.00859941580848815,2.00122831875507
"181",60,121.352829179903,"I",181,28.4237726098191,13,19,7.96837337369328,0.00459640371021182,"EC2","3",-0.0022515807164131,6.66866645230531,6.50229820185511
"182",60,119.131737120195,"P",182,50.6459948320413,7,20,5.03808828681251,0.00594852083128808,"EC2","3",0.000519216244548736,2.08536953983874,3.50297426041564
"183",60,116.910645060486,"P",183,53.2299741602067,6,18,8.18703768923066,0.00698893102440289,"EC2","3",0.00172458920974327,1.25010245699379,3.0034944655122
"184",60,114.689553000778,"L",184,60.7235142118863,5,15,4.32578878267876,0.00265900775073098,"EC2","3",-0.00212694202489745,0.727827916743432,2.50132950387537
"185",60,112.468460941069,"L",185,62.015503875969,4,20,6.63305331379715,0.00861772499087969,"EC2","3",0.00391425660129111,-0.189805624679043,2.00430886249544
"186",60,110.247368881361,"K",186,50.3875968992248,9,17,10.9509129917688,0.00557003449148184,"EC2","3",0.000124233627534525,4.06889624812323,4.50278501724574
"187",60,108.026276821652,"L",187,86.3049095607235,3,9,0.383155620544737,0.00269387599389192,"EC2","3",-0.000458942338147311,0.358683796578425,1.50134693799695
"188",60,105.805184761944,"A",188,45.7364341085271,1,15,2.59879594316078,0.00395366963130273,"EC2","3",-0.00178906422238807,-4.22762300275586,0.501976834815651
"189",60,103.584092702235,"C",189,71.5762273901809,7,19,8.40304089302935,0.00740607539649186,"EC2","3",0.00331296926359824,3.41970616879464,3.50370303769825
"190",60,101.363000642527,"S",190,33.8501291989664,9,18,10.7832516821877,0.0106439655552706,"EC2","3",0.00414240295001306,3.01460557833091,4.50532198277764
"191",60,99.1419085828184,"D",191,48.578811369509,10,16,10.0906717753382,0.00682048827703047,"EC2","3",0.00125921347262736,4.9535832061147,5.00341024413852
"192",60,96.9208165231099,"T",192,48.8372093023256,4,18,7.6622856108521,0.00619447307669487,"EC2","3",0.000649694549499728,-1.0299435021698,2.00309723653835
"193",60,94.6997244634015,"S",193,20.4134366925065,2,20,9.19102791717651,0.00811586659840863,"EC2","3",0.000756497578336589,-4.84200559087535,1.0040579332992
"194",60,92.478632403693,"I",194,23.7726098191214,8,19,8.35967715203573,0.00682001503322648,"EC2","3",-0.000324902383141934,1.37214720142622,4.00341000751661
"195",62,90.478632403693,"N",195,48.3204134366925,9,20,7.09932000639825,0.00670101848274472,"TMD5 Upper","1",0.00112324740113364,3.93710991439919,4.50335050924137
"196",60,89.2665114335631,"E",196,57.3643410852713,7,20,40.6937976810937,0.0269551220007292,"TMD5 Upper","1",0.0219547206213972,2.51367512444187,3.51347756100036
"197",58,88.0543904335631,"L",197,36.1757105943152,8,20,13.5055138099481,0.0091960330955926,"TMD5 Upper","1",0.00284293698520684,2.16286520377046,4.0045980165478
"198",63,88.6604504335631,"V",198,27.906976744186,13,18,13.2595227167019,0.00588854636522567,"TMD5 Upper","1",-0.000992430615815193,6.6357198688743,6.50294427318261
"199",61,87.4483294335631,"V",199,22.2222222222222,9,19,17.1323998061058,0.0107631325698722,"TMD5 Upper","1",0.00351923749025598,2.27330745113319,4.50538156628494
"200",59,86.2362084335631,"F",200,40.0516795865633,10,18,5.6828661246636,0.0110525155106391,"TMD5 Upper","1",0.00494686355837292,4.40996457950303,5.00552625775532
"201",57,85.0240874335631,"I",201,25.8397932816537,3,19,6.69093701640431,0.00422211771482281,"TMD5 Upper","1",-0.00279082948388183,-3.49606646484974,1.50211105885741
"202",62,85.024087403693,"V",202,17.5710594315245,10,21,24.8819894997286,0.0262011454439205,"TMD5 Upper","1",0.0186603173745608,2.9767882002541,5.01310057272196
"203",60,83.8119664335631,"S",203,24.2894056847545,11,21,20.5635244662353,0.0179755262962104,"TMD5 Upper","1",0.010863601434258,4.40509378485723,5.50898776314811
"204",58,82.5998454335631,"G",204,38.7596899224806,6,17,4.68309112161363,0.00245194497646584,"TMD5 Upper","1",-0.00373618836184021,0.327598120925509,3.00122597248823
"205",63,83.2059054335631,"F",205,22.9974160206718,5,19,6.94628206975389,0.0120274164430074,"TMD5 Upper","1",0.00483301019501504,-1.6772726737203,2.5060137082215
"206",61,81.9937844335631,"I",206,32.5581395348837,15,20,18.3927722755793,0.0174457614613558,"TMD5 Upper","1",0.0108617174700585,8.93223911975339,7.50872288073068
"207",59,80.7816634335631,"L",207,27.390180878553,9,18,8.31225025004417,0.00449292028307336,"TMD5 Upper","1",-0.00242104925238345,2.60277328544329,4.50224646014154
"208",57,79.5695424335631,"L",208,23.5142118863049,10,18,5.8442580823853,0.0032658883388201,"TMD5 Upper","1",-0.00389552535475628,3.35567390971071,5.00163294416941
"209",62,79.569542403693,"V",209,22.7390180878553,7,19,5.83293259950384,0.00507430866702476,"TMD5 Upper","1",-0.00213659385817554,0.306254034564199,3.50253715433351
"210",60,78.3574214335631,"P",210,44.4444444444444,8,19,7.49323483079518,0.00529436128994947,"TMD5 Lower","2",-0.000530853949781192,2.69001053866662,4.00264718064498
"211",58,77.1453004335631,"F",211,39.0180878552972,7,17,9.13145721853851,0.00508196110198445,"TMD5 Lower","2",-0.00108967595911362,1.34407141264101,3.50254098055099
"212",63,77.7513604335631,"L",212,31.5245478036176,7,17,8.85568450869493,0.00634375985406265,"TMD5 Lower","2",-0.000306269246066605,0.866345952891369,3.50317187992703
"213",61,76.5392394335631,"L",213,36.9509043927649,10,19,9.23627559635803,0.00574902366870349,"TMD5 Lower","2",-0.000554583610058357,4.21228507891697,5.00287451183435
"214",59,75.3271184335631,"I",214,64.3410852713178,4,17,3.49568599155766,0.00243492532898902,"TMD5 Lower","2",-0.00212007656572781,-0.0415459992394979,2.00121746266449
"215",57,74.1149974335631,"L",215,51.421188630491,10,19,16.5736277688421,0.0114973714538387,"TMD5 Lower","2",0.00611755569872328,5.13478941498525,5.00574868572692
"216",62,74.114997403693,"V",216,28.1653746770026,7,18,6.21029636375617,0.00394059758979616,"TMD5 Lower","2",-0.00292388311403673,0.652193160589804,3.5019702987949
"217",60,72.9028764335631,"S",217,95.6072351421189,0,8,0.569644448154488,0.0018433883740148,"TMD5 Lower","2",-0.000715563978537437,-2.0482777016634,0.000921694187007402
"218",58,71.6907554335631,"Y",218,100,0,0,0,0,"TMD5 Lower","2",-0.00227851564001672,-1.76823174249981,0
"219",63,72.2968154335631,"A",219,17.0542635658915,4,17,7.10550765701162,0.00482619221703099,"TMD5 Lower","2",-0.00274762840674469,-3.05615838317691,2.00241309610852
"220",61,71.0846944335631,"F",220,18.8630490956072,5,20,7.25007548118208,0.0100065797778347,"TMD5 Lower","2",0.0025482330945148,-1.94084534116838,2.50500328988892
"221",59,69.8725734335631,"I",221,91.4728682170543,0,4,0.112197859087767,0.000391490281832211,"TMD5 Lower","2",-0.00243140250604758,-2.31185036911148,0.000195745140916106
"222",57,68.6604524335631,"L",222,53.2299741602067,8,16,4.22073577874823,0.00257931228063072,"TMD5 Lower","2",-0.0026850295340289,3.25010245699379,4.00128965614032
"223",62,68.660452403693,"S",223,16.0206718346253,3,20,8.64363694843235,0.00664675946178031,"TMD5 Lower","2",-0.000993046270827256,-4.12205155003893,1.50332337973089
"224",60,67.4483314335631,"T",224,34.8837209302326,4,14,3.44511949523557,0.00391846674289088,"TMD5 Lower","2",-0.00251711075353474,-1.91950125480707,2.00195923337145
"225",60.3806023374436,63.870083880376,"I",225,50.1291989664083,7,15,1.444920377635,0.000919357090352899,"IC3","4",-0.00454294005080238,2.05242295640773,3.50045967854518
"226",61.4644660940673,62.2479671362687,"L",226,65.6330749354005,7,18,10.5998663202436,0.0101496205017339,"IC3","4",0.00567709999305694,3.04082045933803,3.50507481025087
"227",63.0865828381746,61.164103379645,"R",227,35.1421188630491,5,20,3.09626964736954,-0.010379677589761,"IC3","4",-0.0167987588089787,-0.903027963091561,2.49481016120512
"228",65,60.7835010422014,"I",228,36.4341085271318,8,18,2.99403071665359,0.00341708537252319,"IC3","4",-0.0029195144606546,2.17933849548596,4.00170854268626
"229",66.9134171618254,61.164103379645,"R",229,21.1886304909561,4,17,6.60702783669509,0.00371581666966791,"IC3","4",-0.00359406351878021,-2.79258571572883,2.00185790833483
"230",68.5355339059327,62.2479671362687,"S",230,84.4961240310078,7,16,7.24797419682171,0.00691176373426388,"IC3","4",0.00364347146176885,4.24337075456989,3.50345588186713
"231",69.6193976625564,63.870083880376,"A",231,28.9405684754522,7,19,10.2382610519861,0.0051371043737524,"IC3","4",-0.00167788749845657,0.701613035736319,3.50256855218688
"232",71,66.7835010422014,"E",232,39.0180878552972,6,17,3.77450829575495,0.00339807374115618,"TMD6 Lower","2",-0.00277356331994189,0.344071412641013,3.00169903687058
"233",73,67.9956220422014,"G",233,72.8682170542636,3,13,2.14242178875351,0.0017917479645987,"TMD6 Lower","2",-0.00221887678225506,-0.497927372627834,1.5008958739823
"234",68,67.3895620422014,"R",234,67.4418604651163,3,16,4.91169383207188,0.00422198195972211,"TMD6 Lower","2",-0.000135064608499066,-0.843866498653439,1.50211099097986
"235",70,68.6016830422014,"R",235,21.4470284237726,3,18,7.77061400599526,0.00539017773350544,"TMD6 Lower","2",-0.00190320617773471,-3.77611242401332,1.50269508886675
"236",72,69.8138040123313,"K",236,94.3152454780362,0,5,-0.285323029845997,-0.000108247931111012,"TMD6 Lower","2",-0.00274968166970311,-2.13064416024092,-5.4123965555506e-05
"237",67,69.8138040422014,"A",237,90.9560723514212,3,9,2.37623083141153,0.00306632475318139,"TMD6 Lower","2",0.000210439410885653,0.655203047457515,1.50153316237659
"238",69,71.0259250422014,"F",238,66.1498708010336,3,15,1.31066209236011,0.00121583804916334,"TMD6 Lower","2",-0.00322368990509769,-0.926232957230963,1.50060791902458
"239",71,72.2380460422014,"S",239,74.6770025839793,6,20,10.8901079938356,0.0090246667939115,"TMD6 Lower","2",0.00512951598751354,2.6173856693807,3.00451233339696
"240",73,73.4501670422014,"T",240,99.7416020671835,0,0,0,0,"TMD6 Lower","2",-0.00229501191722469,-1.78470503421532,0
"241",68,72.8441070422014,"C",241,96.8992248062015,1,5,5.60444117370648e-05,1.17037544066812e-07,"TMD6 Lower","2",-0.00247635392896832,-0.965911243085871,0.500000058518772
"242",70,74.0562280422014,"S",242,36.4341085271318,4,18,1.55647019078347,0.00313217056661998,"TMD6 Lower","2",-0.00320442926655781,-1.82066150451404,2.00156608528331
"243",72,75.2683490123313,"S",243,83.7209302325581,3,14,3.01105636852522,0.0023949897459029,"TMD6 Lower","2",-0.000922791358216041,0.193950879423376,1.50119749487295
"244",67,75.2683490422014,"H",244,100,0,0,0,0,"TMD6 Lower","2",-0.00227851564001672,-1.76823174249981,0
"245",69,76.4804700422014,"L",245,58.1395348837209,7,17,3.50849636517122,0.00389938968675845,"TMD6 Lower","2",-0.0010515228609497,2.56309499958838,3.50194969484338
"246",71,77.6925910422014,"T",246,38.5012919896641,5,18,5.36289209181489,0.00502366719706926,"TMD6 Lower","2",-0.00118096241844475,-0.688875170789996,2.50251183359853
"247",73,78.9047120422014,"V",247,63.3074935400517,6,17,7.60406631175125,0.00552994798361119,"TMD6 Lower","2",0.000908960980062471,1.89256083389848,3.00276497399181
"248",68,78.2986520422014,"V",248,94.3152454780362,1,7,0.702915044862318,0.00245867957301043,"TMD6 Lower","2",-0.000182754165581671,-1.13064416024092,0.501229339786505
"249",70,79.5107730422014,"S",249,33.0749354005168,6,18,6.2443897787141,0.00354565515520064,"TMD6 Upper","1",-0.00300539628168078,-0.0348142968156006,3.0017728275776
"250",72,80.7228940123313,"L",250,60.9819121447028,6,13,1.89567639072521,0.00217451324534071,"TMD6 Upper","1",-0.00259494025307975,1.74430120845894,3.00108725662267
"251",67,80.7228940422014,"F",251,78.0361757105943,6,13,2.68239594248025,0.00256165520465204,"TMD6 Upper","1",-0.00111904399804229,2.83153846168227,3.00128082760233
"252",69,81.9350150422014,"Y",252,65.8914728682171,4,14,1.67999672605302,0.00210545291242541,"TMD6 Upper","1",-0.0023505713190436,0.0572937510535314,2.00105272645621
"253",71,83.1471360422014,"G",253,71.5762273901809,2,19,4.70811340079762,0.00824704293448917,"TMD6 Upper","1",0.00415393680159554,-1.58029383120536,1.00412352146724
"254",73,84.3592570422014,"T",254,32.0413436692506,8,19,5.67816694972898,0.00454482993105508,"TMD6 Upper","1",-0.00207220661465823,1.89929253632238,4.00227241496553
"255",68,83.7531970422014,"A",255,24.2894056847545,11,19,11.5171020595144,0.00612144801410929,"TMD6 Upper","1",-0.000990476847843177,4.40509378485723,5.50306072400705
"256",70,84.9653180422014,"I",256,41.343669250646,10,17,9.09750933368789,0.00568080597295722,"TMD6 Upper","1",-0.000342364593269101,4.49233103808056,5.00284040298648
"257",72,86.1774390123313,"F",257,54.5219638242894,5,18,5.87064895965179,0.00479646583376196,"TMD6 Upper","1",-0.000385394594857807,0.332468915571313,2.50239823291688
"258",67,86.1774390422014,"M",258,23.5142118863049,3,18,6.11535925072176,0.00387134841996272,"TMD6 Upper","1",-0.00329006527361366,-3.64432609028929,1.50193567420998
"259",69,87.3895600422014,"Y",259,62.2739018087855,6,13,3.02828158201699,0.00252688683427038,"TMD6 Upper","1",-0.00216008527811023,1.82666766703646,3.00126344341714
"260",71,88.6016810422014,"L",260,25.3229974160207,9,17,7.44890155372493,0.00361009803602588,"TMD6 Upper","1",-0.0034358417170947,2.47098695171925,4.50180504901801
"261",73,89.8138020422014,"Y",261,31.0077519379845,10,19,17.8612917262843,0.00895619588735563,"TMD6 Upper","1",0.00227317423281043,3.83339936946036,5.00447809794368
"262",68,89.2077420422014,"P",262,26.8733850129199,7,19,7.08609036006344,0.00517309316793668,"TMD6 Upper","1",-0.00177386892193607,0.569826702012279,3.50258654658397
"263",70,90.4198630422014,"P",263,31.5245478036176,5,19,17.6455879520653,0.00719261414872678,"TMD6 Upper","1",0.000542585048597528,-1.13365404710863,2.50359630707436
"264",72,91.6319840123313,"P",264,33.5917312661499,3,20,7.60259981791605,0.00883108691810646,"TMD6 Upper","1",0.00231302803564098,-3.00186771338459,1.50441554345905
"265",70,93.6319840123313,"S",265,38.2428940568475,6,18,17.3990501472901,0.00679434060340448,"EC3","3",0.000573214710682493,0.294651537494498,3.0033971703017
"266",70.3806023374436,97.5454011741568,"S",266,39.0180878552972,7,19,11.4403424259426,0.00658166185690675,"EC3","3",0.000410024795808682,1.34407141264101,3.50329083092845
"267",71.4644660940673,99.167517918264,"Y",267,14.4702842377261,8,18,16.3052067851665,0.00529873485667459,"EC3","3",-0.00244004853918081,0.77910869966804,4.00264936742834
"268",73.0865828381746,100.251381674888,"S",268,32.2997416020672,4,19,8.55302839896223,0.00602426961837062,"EC3","3",-0.000576270650134719,-2.08423417196212,2.00301213480919
"269",75,100.631984012331,"S",269,20.671834625323,5,19,14.7410797280781,0.00587200593864199,"EC3","3",-0.00147086680422209,-1.82553229915984,2.50293600296932
"270",76.9134171618254,100.251381674888,"D",270,18.8630490956072,4,18,10.7424579413713,0.00438564966758989,"EC3","3",-0.00307269701572999,-2.94084534116838,2.0021928248338
"271",78.5355339059327,99.167517918264,"Q",271,14.4702842377261,9,20,12.3997010768742,0.00997304909086277,"EC3","3",0.00223426569500738,1.77910869966804,4.50498652454543
"272",79.6193976625564,97.5454011741568,"D",272,21.9638242894057,4,19,11.9164031356831,0.00993642370125166,"EC3","3",0.00267603234442745,-2.74316584058232,2.00496821185063
"273",80,95.6319840123313,"K",273,30.749354005168,4,18,12.0990168289147,0.00636659356914532,"EC3","3",-0.000332924362607849,-2.18307392225515,2.00318329678457
"274",80,91.8979452859513,"V",274,17.0542635658915,9,19,14.5856981010815,0.010155684763936,"EC3","3",0.00258186414016034,1.94384161682309,4.50507784238197
"275",80,88.1639065595713,"V",275,28.6821705426357,12,19,7.81391348157894,0.00403452280432409,"EC3","3",-0.00279696534509285,5.68513974402081,6.00201726140216
"276",82,86.1639065595713,"S",276,52.7131782945737,6,16,3.30010924323562,0.0023161459124475,"TMD7 Upper","1",-0.00298118845662806,1.21715587356278,3.00115807295622
"277",80,84.9517855894414,"V",277,43.9276485788114,1,17,4.45164032938741,0.00304871858771803,"TMD7 Upper","1",-0.00280948920642858,-4.34293604476439,0.501524359293859
"278",78,83.7396645894414,"F",278,71.8346253229974,8,15,2.17348127312125,0.0027944077465962,"TMD7 Upper","1",-0.00128220210908945,4.43617946051015,4.0013972038733
"279",83,84.3457245894414,"Y",279,90.6976744186046,3,11,1.54994374554001,0.00699399600598268,"TMD7 Upper","1",0.00412161438647898,0.63872975574201,1.50349699800299
"280",81,83.1336035894414,"T",280,68.733850129199,2,16,5.79794723656366,0.00694155214969128,"TMD7 Upper","1",0.00266698696750997,-1.76150004007591,1.00347077607485
"281",79,81.9214825894414,"V",281,41.343669250646,4,18,5.77986823978781,0.00465954323584617,"TMD7 Upper","1",-0.00136362733038016,-1.50766896191944,2.00232977161792
"282",77,80.7093615894414,"V",282,50.6459948320413,5,19,7.79874052831701,0.010755342132957,"TMD7 Upper","1",0.00532603754621766,0.0853695398387374,2.50537767106648
"283",82,80.7093615595713,"T",283,48.062015503876,7,19,8.79152607669084,0.00533591333484625,"TMD7 Upper","1",-0.000258354023972807,1.92063662268369,3.50266795666742
"284",80,79.4972405894414,"P",284,97.6744186046512,0,3,0.461738329524474,0.00270024988481395,"TMD7 Upper","1",0.000273267749925485,-1.91649136793936,0.00135012494240698
"285",78,78.2851195894414,"M",285,51.1627906976744,3,18,3.11653213856186,0.00244480112425838,"TMD7 Upper","1",-0.00295151090806502,-1.88168387673025,1.50122240056213
"286",83,78.8911795894414,"L",286,88.3720930232558,1,12,1.04042816751347,0.00705568946005313,"TMD7 Lower","2",0.00403484134567768,-1.50952986969753,0.503527844730027
"287",81,77.6790585894414,"N",287,100,0,0,0,0,"TMD7 Lower","2",-0.00227851564001672,-1.76823174249981,0
"288",79,76.4669375894414,"P",288,100,0,0,0,0,"TMD7 Lower","2",-0.00227851564001672,-1.76823174249981,0
"289",77,75.2548165894414,"L",289,48.062015503876,7,16,3.16477025649554,0.00301779622743395,"TMD7 Lower","2",-0.00257647113138511,1.92063662268369,3.50150889811372
"290",82,75.2548165595713,"I",290,88.1136950904393,0,5,4.48774455628594e-06,4.46786082282293e-09,"TMD7 Lower","2",-0.0030373399237226,-2.52600316141304,2.23393041141146e-09
"291",80,74.0426955894414,"Y",291,99.7416020671835,0,0,0,0,"TMD7 Lower","2",-0.00229501191722469,-1.78470503421532,0
"292",78,72.8305745894414,"S",292,65.8914728682171,4,11,0.731380962452551,0.00116467255618887,"TMD7 Lower","2",-0.00329135167528013,0.0572937510535314,2.00058233627809
"293",83,73.4366345894414,"L",293,87.3385012919897,1,10,1.68568110830219,0.00286930787534673,"TMD7 Lower","2",-0.000217525347860609,-1.57542303655955,0.501434653937673
"294",81,72.2245135894414,"R",294,94.0568475452196,0,4,-3.63551791543814e-06,-6.7273795926573e-08,"TMD7 Lower","2",-0.002657997289596,-2.14711745195643,-3.36368979632865e-08
"295",80,69.2245135894414,"N",295,93.7984496124031,0,4,0.185955628355134,0.000716420770342803,"C-terminus","4",-0.00195800552266524,-2.16359074367193,0.000358210385171401
"296",80,67.2245135894414,"K",296,76.4857881136951,8,15,5.16126805901659,0.00565127780011109,"C-terminus","4",0.00187160093416893,4.73269871138923,4.00282563890006
"297",80,65.2245135894414,"E",297,45.7364341085271,1,17,6.13773820801831,0.00860041438010713,"C-terminus","4",0.00285768052641633,-4.22762300275586,0.504300207190054
"298",80,63.2245135894414,"V",298,67.4418604651163,4,10,0.893103284073282,0.00184377700473608,"C-terminus","4",-0.00251326956348509,0.156133501346561,2.00092188850237
"299",80,61.2245135894414,"K",299,72.3514211886305,6,16,7.0974789600185,0.00477580278215584,"C-terminus","4",0.000732185480886134,2.46912604394116,3.00238790139108
"300",80,59.2245135894414,"G",300,22.4806201550388,6,19,6.56549363453387,0.0049025310648347,"C-terminus","4",-0.00232486773757357,-0.710219257151305,3.00245126553242
"301",80,57.2245135894414,"A",301,86.3049095607235,1,11,2.81996642655837,0.00576705402764684,"C-terminus","4",0.00261423569560761,-1.64131620342157,0.502883527013823
"302",80,55.2245135894414,"L",302,53.2299741602067,6,16,3.26140561320655,0.00267459008938821,"C-terminus","4",-0.00258975172527142,1.25010245699379,3.00133729504469
"303",80,53.2245135894414,"K",303,40.0516795865633,7,17,6.8907748613063,0.00486230306446069,"C-terminus","4",-0.0012433488878055,1.40996457950303,3.50243115153223
"304",80,51.2245135894414,"K",304,59.1731266149871,6,15,3.76402446616157,0.00483721664743243,"C-terminus","4",-4.77107914438359e-05,1.6289881664504,3.00241860832372
"305",80,49.2245135894414,"L",305,37.4677002583979,10,17,6.93693482152439,0.00508460191182277,"C-terminus","4",-0.00118601281252313,4.24523166234798,5.00254230095591
"306",80,47.2245135894414,"L",306,40.8268733850129,8,18,6.28911270692613,0.00426718304837493,"C-terminus","4",-0.00178898007226734,2.45938445464955,4.00213359152419
"307",80.3806023374436,45.311096427616,"G",307,17.312661498708,3,18,9.27859942771175,0.00541257717634707,"C-terminus","4",-0.00214474717022064,-4.03968509146141,1.50270628858817
"308",81.4644660940673,43.6889796835087,"R",308,33.0749354005168,3,20,8.14733130194982,0.00664975041719183,"C-terminus","4",9.86989803104085e-05,-3.0348142968156,1.5033248752086
"309",83.0865828381746,42.605115926885,"K",309,18.0878552971576,1,18,12.2630446920996,0.00541298956575056,"C-terminus","4",-0.00209484594919323,-5.99026521631489,0.502706494782875
"310",85,42.2245135894414,"K",310,12.6614987080103,2,18,8.31141649892651,0.0053034229896638,"C-terminus","4",-0.0025508343466474,-5.3362043423405,1.00265171149483
"311",86.9134171618254,42.605115926885,"S",311,12.1447028423773,3,19,9.0856856401333,0.00532658751116658,"C-terminus","4",-0.00256066237956056,-4.36915092577151,1.50266329375558
"312",88.5355339059327,43.6889796835087,"S",312,17.0542635658915,2,19,8.78106300577637,0.0102908110747055,"C-terminus","4",0.00271699045092984,-5.05615838317691,1.00514540553735
"313",89.6193976625564,45.311096427616,"K",313,9.04392764857881,1,19,7.56338586868034,0.00501576462489387,"C-terminus","4",-0.00306944059232893,-6.56683042635756,0.502507882312447
