,cid
0,6993810
1,17121
2,81006
3,26333
4,106766
5,39742
6,74346
7,61657
8,10931
9,585911
10,6997335
11,5365793
12,105179
13,105758
14,262
15,7127
16,442405
17,20653
18,32809
19,111418
20,29467
21,429065
22,92221
23,7500
24,15271
25,6437163
26,5354776
27,23535
28,251529
29,86882
30,97785
31,5273467
32,89315
33,163414
34,637758
35,16507
36,638122
37,173843
38,307
39,15825653
40,12097
41,53425201
42,13694693
43,71587838
44,6284401
45,62566
46,8106
47,65575
48,15394
49,6970
50,16734862
51,13187
52,7865
53,100938
54,5372813
55,10888889
56,5984
57,2775
58,53422908
59,5365909
60,111727
61,61434
62,106530
63,7895
64,91696
65,13016
66,216442
67,5363201
68,61659
69,92573
70,551316
71,14614417
72,5363291
73,61235
74,74606
75,2723602
76,62661
77,29373
78,8058
79,161675
80,6920
81,44145813
82,7733
83,94373
84,5364579
85,62090
86,18756
87,13237362
88,6232217
89,105050
90,101315
91,77224
92,6428985
93,175481
94,440967
95,68850838
96,532739
97,22556
98,62341
99,7649
100,5283339
101,84328
102,90984
103,125468
104,15225386
105,443159
106,95414
107,13561
108,71587448
109,91337
110,7520
111,108237
112,1213
113,5283292
114,11505
115,7523
116,161936
117,28906
118,3085817
119,8655
120,19802217
121,87436
122,637760
123,2537
124,439263
125,2723627
126,11435490
127,61781
128,6251
129,91457
130,10129
131,16220111
132,102567
133,17100
134,5317319
135,82674
136,14491
137,76334
138,8791
139,6341
140,11126
141,3893
142,643731
143,75515
144,196
145,5367785
146,122943
147,21828
148,6951716
149,5388696
150,5365847
151,6428995
152,1550890
153,536987
154,138166
155,7338
156,10125362
157,20859
158,6430754
159,795
160,73772
161,3018771
162,69346
163,543664
164,5363876
165,285097
166,5320191
167,172844
168,5281168
169,519409
170,5370602
171,5354834
172,10687
173,6951713
174,61997
175,20354
176,102855
177,15717
178,38866
179,556940
180,4685450
181,5284369
182,112226
183,57509241
184,61417
185,369312
186,7798
187,39801
188,23173
189,20836197
190,5280435
191,7601
192,62374
193,5287883
194,84545
195,78640
196,91497
197,519709
198,163263
199,100936
200,12216
201,105513
202,184493
203,6050
204,6438191
205,109183
206,17824126
207,12762300
208,448996
209,11418
210,5366352
211,12101
212,6455496
213,7695
214,77151
215,5376281
216,8792
217,8835
218,77932
219,6429343
220,13420
221,5463914
222,5367767
223,11276107
224,23234
225,14514
226,5363388
227,8432
228,24583
229,168115
230,16537
231,7170
232,107271
233,49869549
234,74667
235,6431042
236,10351
237,6437648
238,526762
239,10975
240,69092
241,11370
242,53423725
243,20836219
244,162053
245,12105
246,8257
247,17004
248,57353762
249,10886
250,6450832
251,107381
252,80018
253,68960
254,6433191
255,71587383
256,9815474
257,641256
258,21768
259,17198
260,87501
261,67116
262,6436719
263,518810
264,78484
265,101003
266,23642
267,102844
268,61936
269,5369326
270,1738125
271,74096
272,104620
273,534634
274,43263
275,8469
276,8187
277,39914
278,101680
279,19754
280,94046
281,240925
282,5284503
283,529251
284,107217
285,3017432
286,89723
287,6432447
288,3024003
289,27209
290,1714996
291,221417
292,1550260
293,71590
294,64678
295,636475
296,109415
297,24515
298,21606
299,66600
300,8405
301,102611
302,100031
303,522404
304,135309
305,6999977
306,61156
307,5317844
308,8254
309,81263
310,3085213
311,5352267
312,12302243
313,2753159
314,6432005
315,71586960
316,61988
317,181106
318,61980
319,65413
320,109264
321,18818
322,9015
323,66761
324,7047
325,23203
326,57483300
327,6430321
328,6438070
329,349945
330,110664
331,5352830
332,8169
333,95644
334,5260295
335,6570
336,5373729
337,29746
338,162061
339,11084346
340,8027
341,7334
342,103788
343,22213645
344,31266
345,14181802
346,6429290
347,9837013
348,381152
349,68382
350,5380647
351,7165
352,34286
353,1245
354,11468
355,87839
356,6365867
357,6428929
358,5463911
359,10953718
360,103649
361,5986428
362,7288
363,518573
364,71586811
365,3820754
366,11344862
367,8117
368,6441136
369,100495
370,263
371,84556
372,11989
373,46779104
374,7175
375,6437266
376,6429039
377,10484
378,21059
379,77775
380,61969
381,67328
382,11030204
383,53230316
384,1738173
385,6428938
386,522667
387,74351
388,3023280
389,6584
390,443157
391,65724
392,6992421
393,5325830
394,77153
395,5363426
396,8361
397,12587
398,7708
399,61404
400,71587178
401,11788274
402,90942
403,5364497
404,102648
405,95779
406,91339
407,20499
408,15336
409,23906
410,28237
411,238498
412,71587144
413,62348
414,12255414
415,61008
416,24433
417,10883
418,1183
419,10877566
420,30748
421,103688
422,7772
423,637776
424,121790
425,5366040
426,15307
427,112802
428,5362814
429,25324
430,61670
431,18064
432,12833143
433,86869
434,77226
435,90927
436,7249
437,5356261
438,173536
439,43579
440,10364
441,97895
442,79990
443,11959971
444,6365572
445,5366044
446,5338463
447,56841839
448,5364729
449,145386
450,7267
451,528762
452,110976
453,4093587
454,6951723
455,11469606
456,95401
457,520191
458,89307
459,61950
460,107
461,61199
462,24111
463,106862
464,251531
465,6437460
466,570574
467,102849
468,23235
469,11137735
470,574811
471,11199
472,71586808
473,6429107
474,6432254
475,21244
476,12203
477,12397703
478,79023
479,9793841
480,6428289
481,5463485
482,7092
483,5366244
484,177050
485,109417
486,107689
487,77289
488,6432858
489,64685
490,638012
491,101604
492,3033030
493,6981
494,15834
495,7147
496,8174
497,6436990
498,108902
499,69694
500,11971259
501,5324797
502,116625
503,9253
504,12237820
505,12021
506,11094875
507,12242463
508,7463
509,6437469
510,95397
511,106787
512,61010
513,20381858
514,20981956
515,442347
516,11514
517,9309
518,638099
519,246929
520,112185
521,6436993
522,5382677
523,92979
524,5270647
525,2867012
526,79117
527,5365976
528,61738
529,86750
530,7859
531,79509
532,61814
533,5367850
534,6438195
535,6421281
536,121694
537,78405
538,17092
539,11461
540,519764
541,15953432
542,5275520
543,9942315
544,5365819
545,6427119
546,6918391
547,551084
548,43851
549,21159742
550,11309884
551,106711
552,113007
553,86609
554,126537
555,110914
556,1715213
557,196435
558,62725
559,85228
560,93639
561,6437979
562,50024
563,6434276
564,61517
565,19244
566,6429016
567,92862
568,44148734
569,7650
570,6440618
571,10341
572,221691
573,71363528
574,5365877
575,65289
576,5355414
577,5363229
578,7351
579,111440
580,27867
581,243691
582,6365812
583,93366
584,15801179
585,529054
586,21125296
587,6944
588,5311110
589,71586903
590,5352976
591,7017
592,3591866
593,18645216
594,98054
595,5282718
596,61656
597,5365794
598,565690
599,15413
600,61000
601,66654
602,80353
603,445070
604,578423
605,10176244
606,12529
607,161949
608,7276
609,69669515
610,166374
611,71587283
612,6438291
613,86114
614,5702619
615,10099
616,11970928
617,12566
618,13233
619,5367807
620,20307
621,86651
622,62089
623,5362816
624,6532
625,5364532
626,12201
627,11747
628,109261
629,62143
630,5368064
631,57658745
632,101010
633,206037
634,93947
635,102579
636,101145
637,20263
638,70264
639,5462980
640,91850
641,5367676
642,10655819
643,5382490
644,5366264
645,643139
646,15405344
647,5352461
648,13335685
649,1127
650,21458
651,6951704
652,57357909
653,550851
654,61337
655,11487
656,7711
657,61284
658,82584
659,81573
660,637195
661,61228
662,27892
663,7592
664,6433547
665,640199
666,61982
667,12531
668,11251
669,8797
670,439314
671,22831877
672,521207
673,79086
674,526195
675,77129
676,93596
677,4574094
678,14350
679,6435861
680,5367687
681,637775
682,65285
683,24521
684,11735763
685,68133
686,518700
687,6433417
688,8452
689,91115
690,36502
691,7870
692,49988
693,151276
694,8723
695,7567850
696,36822
697,95485
698,121731
699,6427087
700,62326
701,14475
702,21999737
703,61035
704,80388
705,6826
706,12658
707,98330
708,27866
709,520722
710,70775
711,7938
712,586728
713,11550267
714,6450930
715,61379
716,94314
717,6992244
718,160065
719,10569
720,19137
721,5364517
722,5363231
723,6428543
724,16832
725,90818
726,98492
727,71587866
728,6437291
729,5280450
730,3019960
731,878
732,5362593
733,6442059
734,68150
735,7016
736,27460
737,136330
738,53822360
739,6556
740,109187
741,6535
742,11658402
743,6431196
744,3032557
745,87453
746,1254
747,6971249
748,102895
749,31353
750,32093
751,78120
752,8138
753,5362561
754,102968
755,94060
756,6385721
757,25612
758,7041
759,10345
760,22251515
761,8712
762,7076215
763,525032
764,75809
765,19602
766,35960
767,521380
768,60998
769,80395
770,22310
771,20797
772,12678469
773,7059
774,6951711
775,10322
776,62375
777,5832948
778,529497
779,94310
780,526487
781,53422473
782,7916
783,107059
784,521903
785,10137
786,12146
787,112721
788,521064
789,637563
790,4447651
791,12053
792,15667721
793,85073
794,11233
795,442793
796,7416
797,12385
798,10408
799,31245
800,5282109
801,24510
802,8834
803,347577
804,3283
805,7422
806,8118
807,7655
808,7910
809,7600
810,12339
811,549546
812,5463905
813,11084123
814,84398
815,109828
816,637759
817,15173
818,114419
819,439250
820,7918
821,7779
822,57373560
823,16205756
824,993
825,5283329
826,38689
827,62144
828,31249
829,7336
830,8294
831,8434
832,70971
833,23367
834,10819
835,83763
836,175381
837,106997
838,162027
839,30215
840,243799
841,166343
842,5281673
843,109245
844,104421
845,16205456
846,61809
847,14195263
848,7584
849,20083
850,6429302
851,8468
852,527144
853,156273
854,5367474
855,5352905
856,5366239
857,16800
858,61874
859,95572
860,19089
861,85755
862,71587638
863,578817
864,13594
865,44630408
866,6422476
867,80354
868,289151
869,111213
870,5368103
871,10050
872,92776
873,86015
874,77547
875,22219099
876,6430892
877,86094
878,1004
879,101679
880,61895
881,15380
882,7664
883,6453284
884,7969
885,1712058
886,162275
887,8205
888,6430879
889,3034267
890,518937
891,5367806
892,114453
893,107152
894,45086247
895,166220
896,139711
897,10400
898,15574
899,71438214
900,5803450
901,81739
902,78435
903,579675
904,522771
905,78067
906,6450542
907,5916154
908,7187
909,21159448
910,61401
911,61386
912,19801
913,43046
914,162481
915,107065
916,13353282
917,6504440
918,11435769
919,442393
920,6435839
921,212930
922,234237
923,6988
924,21648
925,68316
926,62329
927,97897
928,546235
929,91338
930,16741
931,642231
932,444683
933,106756
934,94111
935,8172
936,7341
937,6448
938,24915
939,136145
940,5364586
941,110975
942,88168807
943,91508
944,442478
945,8144
946,106684
947,89464
948,17167
949,61665
950,5281188
951,16582
952,22311
953,11039
954,71587848
955,81898
956,5368821
957,30664
958,61415
959,12020
960,62013
961,31236
962,102835
963,1287
964,28500
965,11508
966,69350
967,11507
968,88792
969,74879
970,443131
971,6438067
972,10104370
973,94164
974,5366074
975,166302
976,6440731
977,108630
978,10657
979,518791
980,62653
981,13084
982,637516
983,90787
984,612
985,6437572
986,6450538
987,155007
988,638500
989,5463909
990,5318018
991,3611
992,15273629
993,32033
994,85519
995,641298
996,5362564
997,34591
998,6437911
999,19792960
1000,263620
1001,166257
1002,109420
1003,5281420
1004,83553
1005,642771
1006,7785
1007,16590
1008,84825
1009,16591
1010,12304196
1011,15654
1012,520098
1013,49869550
1014,8438
1015,6427130
1016,5369997
1017,5283366
1018,7137
1019,6429101
1020,6431144
1021,14511
1022,160707
1023,5283356
1024,21251947
1025,3024273
1026,556998
1027,105653
1028,8102
1029,61331
1030,155626
1031,23279512
1032,5352845
1033,31272
1034,99611
1035,7660
1036,155361
1037,1551246
1038,6429282
1039,62148
1040,5365982
1041,72941560
1042,5372174
1043,6213
1044,8461
1045,21773712
1046,179
1047,5364578
1048,641294
1049,5367679
1050,6386037
1051,5320250
1052,8364
1053,2776492
1054,13642
1055,8180
1056,5353001
1057,638072
1058,5281525
1059,95395
1060,5463682
1061,79036
1062,1110
1063,7557
1064,243783
1065,98118
1066,5283348
1067,1711945
1068,5363526
1069,5541
1070,64813
1071,61976
1072,15475
1073,7144
1074,61524
1075,162184
1076,94453
1077,111352
1078,109244
1079,7967
1080,205986
1081,121677
1082,88655
1083,78476
1084,86209
1085,6708682
1086,6431148
1087,169211
1088,101330
1089,7237
1090,61261
1091,1549521
1092,15600
1093,24118
1094,638098
1095,10558
1096,16296
1097,7342
1098,6425
1099,12769
1100,182502
1101,14328
1102,18522
1103,549519
1104,11160
1105,67148
1106,57358374
1107,10856172
1108,61408
1109,53423848
1110,3023
1111,5364752
1112,95978
1113,7720
1114,5365811
1115,7559
1116,457869
1117,8129
1118,100927
1119,111516
1120,17617
1121,106775
1122,10336
1123,28818
1124,96021
1125,86753
1126,21940939
1127,442501
1128,36503
1129,8078
1130,97883
1131,999
1132,18955245
1133,103654
1134,3033452
1135,62842
1136,61341
1137,61197
1138,13294594
1139,97799
1140,245572
1141,175948
1142,5566
1143,526618
1144,8369
1145,20836301
1146,32857
1147,78639
1148,78612
1149,71587306
1150,6441593
1151,525358
1152,102550
1153,61296
1154,254555
1155,88710
1156,6862
1157,6430107
1158,8299
1159,8763
1160,5284656
1161,8934559
1162,8030
1163,78879
1164,11902
1165,31227
1166,3084331
1167,229387
1168,10698
1169,62908
1170,80455
1171,108242
1172,20519097
1173,526993
1174,61412
1175,161676
1176,519539
1177,522071
1178,4837
1179,6365995
1180,5280598
1181,15775373
1182,101306697
1183,62385
1184,57320331
1185,8136
1186,5317247
1187,36225
1188,95289
1189,7731
1190,332
1191,11126290
1192,61091
1193,5379425
1194,577126
1195,6997333
1196,108515
1197,41569
1198,8697
1199,61031
1200,220674
1201,16220080
1202,5363202
1203,5365818
1204,13006
1205,8185
1206,8141
1207,108425
1208,16833
1209,5369325
1210,249494
1211,519793
1212,3083805
1213,4925262
1214,8314
1215,8909
1216,329983
1217,5362588
1218,11419
1219,95086
1220,7847
1221,61128
1222,88288
1223,3016499
1224,30915
1225,8159
1226,81414
1227,140615
1228,112491
1229,90720
1230,8738
1231,5282725
1232,11569
1233,44152459
1234,12978217
1235,61464
1236,97782
1237,61303
1238,62484
1239,7888
1240,61448
1241,24752885
1242,6439529
1243,5282708
1244,5318017
1245,7647
1246,74005
1247,62433
1248,246983
1249,21108
1250,24197
1251,10887828
1252,109301
1253,61935
1254,5283361
1255,441246
1256,61917
1257,88290
1258,237332
1259,139743
1260,11038
1261,11593
1262,11105826
1263,61045
1264,53437836
1265,7585
1266,7456
1267,70792
1268,7358
1269,20836326
1270,116740
1271,8784
1272,21574
1273,61048
1274,108765
1275,8615
1276,6887
1277,7027
1278,62654
1279,25113547
1280,62510
1281,527
1282,61780
1283,103589
1284,33744
1285,41552
1286,62445
1287,10608036
1288,5273464
1289,8103
1290,26289
1291,9261
1292,6436336
1293,6606
1294,61270
1295,89284
1296,62024
1297,16255
1298,357772
1299,80454
1300,94185
1301,91098
1302,235
1303,31226
1304,8363
1305,520300
1306,5352837
1307,642534
1308,7311
1309,12980879
1310,31229
1311,5282110
1312,5317271
1313,14104
1314,5354882
1315,5367677
1316,7344
1317,5283324
1318,8181
1319,61167
1320,6433150
1321,71409403
1322,62592
1323,5362623
1324,44153588
1325,1742210
1326,11746218
1327,7275
1328,32207
1329,6428546
1330,529438
1331,19838
1332,106728
1333,15877
1334,5463904
1335,743
1336,53422863
1337,6427135
1338,75320
1339,7982
1340,11813
1341,11513
1342,5364519
1343,12813
1344,62388
1345,10957
1346,3017783
1347,528106
1348,6019677
1349,441481
1350,643820
1351,278476
1352,520440
1353,117549
1354,11027
1355,8868
1356,5610
1357,95425
1358,447466
1359,108343
1360,108377
1361,16237
1362,108504
1363,522459
1364,82635
1365,61523
1366,637522
1367,7958
1368,79048
1369,79032
1370,1201518
1371,3021670
1372,443160
1373,18433856
1374,47167
1375,109323
1376,79546
1377,17008
1378,8063
1379,108312
1380,17697
1381,9016
1382,42011
1383,6997371
1384,569214
1385,5464156
1386,1712087
1387,6951559
1388,7129
1389,161528
1390,3776
1391,106673
1392,7757
1393,33645
1394,3734338
1395,71553170
1396,19876973
1397,92739
1398,122903
1399,3084571
1400,525462
1401,5321277
1402,6433147
1403,643460
1404,62132
1405,72607
1406,6428926
1407,522214
1408,7802
1409,6987
1410,16821
1411,56844159
1412,12377
1413,87582
1414,5312586
1415,62332
1416,12508
1417,10892
1418,73285
1419,111376
1420,10821
1421,5365137
1422,82202
1423,6428986
1424,105844
1425,10911
1426,95539
1427,22150013
1428,112446
1429,356
1430,106713
1431,7283
1432,12299
1433,60983
1434,6873
1435,85567
1436,73045098
1437,26808
1438,11435352
1439,87793
1440,107561
1441,528108
1442,108424
1443,2724279
1444,61362
1445,7567181
1446,104307
1447,12217
1448,7961
1449,7438
1450,10986465
1451,3018936
1452,61024
1453,22861753
1454,5463855
1455,560572
1456,4180364
1457,527441
1458,10778
1459,22445528
1460,8209
1461,5281534
1462,24473
1463,5362592
1464,11196546
1465,519564
1466,61184
1467,137980
1468,9025
1469,10743
1470,7222
1471,6435903
1472,971
1473,88302
1474,94403
1475,140511
1476,5271566
1477,27208
1478,1549041
1479,5356259
1480,38688
1481,6566009
1482,5365872
1483,6932095
1484,527498
1485,62069
1486,62240
1487,61466
1488,86592
1489,30248
1490,16872
1491,181575
1492,72
1493,81784
1494,7976
1495,12232
1496,66341
1497,11467
1498,1045
1499,5352836
1500,31225
1501,439655
1502,61527
1503,91604
1504,109257
1505,9834606
1506,14837639
1507,5352807
1508,660
1509,62424
1510,7166
1511,6429325
1512,7160826
1513,6436727
1514,8077
1515,16997
1516,21310069
1517,23716
1518,1001
1519,5362782
1520,61743
1521,520667
1522,10220190
1523,6365994
1524,5352000
1525,6949
1526,86016
1527,93847
1528,6436546
1529,106917
1530,20138
1531,158410
1532,7826
1533,6429214
1534,20158044
1535,31284
1536,12748
1537,103379
1538,1548943
1539,86597
1540,16368
1541,5370364
1542,596375
1543,68490
1544,6365449
1545,519732
1546,637528
1547,7146
1548,75695
1549,10902
1550,102817
1551,6437599
1552,2758
1553,61294
1554,7843
1555,110365
1556,16617
1557,5364942
1558,35408
1559,111416
1560,6561
1561,16678
1562,53338773
1563,118225
1564,24513
1565,8888
1566,62333
1567,7130
1568,109470
1569,7661
1570,3085845
1571,521246
1572,7651
1573,7981
1574,117483
1575,26318
1576,25238
1577,66093
1578,11684
1579,5143
1580,25208
1581,90246
1582,68470
1583,25311
1584,17029
1585,316771
1586,84682
1587,7122
1588,61385
1589,8029
1590,6452049
1591,6386721
1592,8186
1593,61125
1594,142629
1595,569008
1596,5362720
1597,7467
1598,7509
1599,6669
1600,10966
1601,93081
1602,73918
1603,6590
1604,62367
1605,87762
1606,443162
1607,106823
1608,11463
1609,118134
1610,12578
1611,86579
1612,6436632
1613,557222
1614,21085
1615,89382
1616,11167
1617,27941
1618,5281532
1619,44152604
1620,7633
1621,8843
1622,51
1623,103212
1624,5366077
1625,26334
1626,42674
1627,67005
1628,79541
1629,536502
1630,6427078
1631,12571
1632,520484
1633,5352799
1634,104722
1635,65288
1636,24120
1637,106963
1638,526624
1639,537722
1640,5364959
1641,11838
1642,399848
1643,106734
1644,5634
1645,53423759
1646,29096
1647,102815
1648,62002
1649,61455
1650,3034893
1651,3080674
1652,8038
1653,20560352
1654,539829
1655,6114390
1656,174845
1657,68481
1658,61584
1659,14242
1660,10353
1661,62539
1662,1623625
1663,6623
1664,10877336
1665,5281167
1666,13572
1667,61418
1668,6437247
1669,7654
1670,13576
1671,49853465
1672,524504
1673,121723
1674,12570
1675,46779070
1676,7803
1677,5357156
1678,62337
1679,5362830
1680,6437103
1681,11210019
1682,7852
1683,6184
1684,109507
1685,61447
1686,14489
1687,108940
1688,7057988
1689,162452
1690,802
1691,101087
1692,5356352
1693,19188
1694,101115
1695,21503
1696,121596001
1697,10460
1698,21933618
1699,71587032
1700,61085
1701,6427788
1702,26049
1703,11041412
1704,5368785
1705,7360
1706,8013
1707,64832
1708,11967982
1709,929262
1710,6420388
1711,107113
1712,41690
1713,61159
1714,3017596
1715,116699
1716,5370448
1717,69220
1718,18554
1719,543323
1720,62901
1721,80606
1722,6405
1723,6386
1724,100990
1725,10976
1726,18458
1727,11062802
1728,92138
1729,61451
1730,444305
1731,61293
1732,85053
1733,582941
1734,19725
1735,61177
1736,702
1737,778574
1738,5463936
1739,62913
1740,106937
1741,520990
1742,5364919
1743,61030
1744,7790
1745,6416
1746,528698
1747,528712
1748,764139
1749,5363141
1750,1550884
1751,5365622
1752,24834
1753,12514
1754,21859
1755,5365587
1756,8283
1757,86736
1758,7765
1759,25812
1760,8031
1761,442474
1762,68932
1763,519757
1764,7822
1765,11142
1766,6364671
1767,14985
1768,6435834
1769,16299
1770,170284
1771,59870763
1772,8034
1773,520125
1774,31247
1775,6436369
1776,16925
1777,91340
1778,4276
1779,8499
1780,31264
1781,579336
1782,229153
1783,5363374
1784,5320128
1785,6914062
1786,175612
1787,7792
1788,24835
1789,10890
1790,6428959
1791,9964407
1792,121777
1793,8067
1794,49993
1795,1615097
1796,11516
1797,6434275
1798,81964
1799,92780
1800,44182035
1801,114506
1802,6951558
1803,12294
1804,118262
1805,11378760
1806,266588
1807,589365
1808,66595
1809,10969850
1810,51330
1811,5370646
1812,1550846
1813,219794
1814,80584
1815,5326159
1816,61204
1817,3458885
1818,77756
1819,15101542
1820,158411
1821,89440
1822,6432696
1823,10722
1824,579338
1825,112002
1826,20219
1827,2969
1828,5144
1829,161437
1830,118111
1831,92606
1832,61209
1833,5364949
1834,7937
1835,520148
1836,10176245
1837,6999854
1838,985
1839,444090
1840,637564
1841,61592
1842,6430804
1843,6366072
1844,20838880
1845,103659
1846,114416
1847,70694
1848,576026
1849,3085812
1850,11732
1851,13213649
1852,166246
1853,1042025
1854,53374958
1855,10869
1856,43598
1857,519382
1858,7393
1859,106441
1860,96461
1861,6428785
1862,3021997
1863,6374
1864,68128
1865,46779102
1866,24114
1867,85730
1868,6999980
1869,81659
1870,95560
1871,118148
1872,528699
1873,71587703
1874,71587152
1875,644160
1876,57370186
1877,6437044
1878,81769
1879,637920
1880,11761
1881,1145
1882,5281531
1883,20831821
1884,4047281
1885,7965
1886,10285
1887,71049629
1888,16324
1889,22182954
1890,105516
1891,92043553
1892,5363491
1893,528127
1894,114454
1895,22329
1896,6566010
1897,62145
1898,145858
1899,61124
1900,576263
1901,61283
1902,50090
1903,520682
1904,11008539
1905,109116
1906,31242
1907,10953
1908,7778
1909,95136
1910,521238
1911,55250280
1912,61405
1913,281254
1914,12278
1915,5367682
1916,5978897
1917,529635
1918,83653
1919,83367
1920,102681
1921,13013009
1922,526152
1923,75033
1924,441574
1925,193527
1926,11524
1927,32196
1928,94935
1929,5463908
1930,92814
1931,311
1932,92833
1933,61519
1934,87499
1935,6437020
1936,104512
1937,7957
1938,2116
1939,69467
1940,103607
1941,5281553
1942,10878761
1943,86278333
1944,8894
1945,175553
1946,94648
1947,61047
1948,7887
1949,29381
1950,586292
1951,70506
1952,5282726
1953,61092
1954,5367762
1955,14638401
1956,87813
1957,119800
1958,112122
1959,7247
1960,5352438
1961,93009
1962,5366038
1963,70368
1964,9012
1965,162002
1966,537754
1967,57090934
1968,6433214
1969,6441535
1970,527821
1971,163261
1972,1201529
1973,5368950
1974,67179
1975,448893
1976,8362
1977,169223
1978,3032390
1979,30249
1980,109114
1981,91226
1982,11658397
1983,16667664
1984,13026600
1985,242
1986,643779
1987,3017534
1988,10041
1989,81045
1990,105595
1991,90785
1992,105664
1993,106735
1994,5283335
1995,25185
1996,78941
1997,83036
1998,62217
1999,82694
2000,103310
2001,166450
2002,14344497
2003,5905098
2004,548275
2005,15605
2006,16970
2007,449290
2008,103381
2009,443158
2010,785330
2011,42745
2012,172501
2013,163546
2014,443135
2015,39655
2016,3102
2017,5365136
2018,92301
2019,348502
2020,146586
2021,10199004
2022,81221
2023,10534
2024,85517881
2025,7658
2026,90776
2027,5352822
2028,441644
2029,92649
2030,61168
2031,10993
2032,15306
2033,20839647
2034,236687
2035,113425
2036,8048
2037,25239
2038,61041
2039,529068
2040,527268
2041,5375218
2042,11573
2043,31246
2044,61450
2045,66955
2046,7738
2047,520567
2048,552003
2049,7473
2050,1757003
2051,12003251
2052,7945
2053,444294
2054,6560
2055,542762
2056,31289
2057,61183
2058,3020011
2059,62698
2060,22011445
2061,11527
2062,103377
2063,12198
2064,6548
2065,12180
2066,7652
2067,67350
2068,522834
2069,6427068
2070,6285057
2071,60982
2072,61409
2073,162512
2074,576240
2075,100968
2076,6429308
2077,91195
2078,32594
2079,10398656
2080,5367530
2081,20831806
2082,723
2083,14257
2084,108313
2085,61054
2086,77743
2087,637513
2088,5324489
2089,6431015
2090,169818
2091,76152
2092,444539
2093,74201
2094,8456
2095,109319
2096,530404
2097,8073
2098,87947
2099,2724898
2100,5371802
2101,5463846
2102,45056
2103,61812
2104,6428928
2105,65287
2106,85903
2107,156605
2108,61016
2109,6437138
2110,11962784
2111,8139
2112,6437407
2113,62900
2114,5283352
2115,22568
2116,14234
2117,7742
2118,96325
2119,519890
2120,303710
2121,74977
2122,109332
2123,54281757
2124,1567
2125,102816
2126,140649
2127,89306
2128,24261
2129,20332432
2130,119
2131,66356
2132,90848
2133,16592
2134,527435
2135,86751
2136,22757845
2137,8298
2138,95008
2139,18974564
2140,6438193
2141,94178
2142,37182
2143,12041
2144,6435040
2145,97854
2146,75486
2147,10290825
2148,8125
2149,112052
2150,6365152
2151,13580494
2152,61516
2153,221634
2154,965
2155,184852
2156,17691
2157,112030
2158,8194
2159,562246
2160,6076971
2161,12191
2162,6432221
2163,637542
2164,453
2165,12082921
2166,73750
2167,8104
2168,552119
2169,12296
2170,101549
2171,102024
2172,73174
2173,5314126
2174,166527
2175,157342
2176,19782729
2177,5280755
2178,7860
2179,638097
2180,16224907
2181,6441804
2182,18840
2183,11378500
2184,70796
2185,21156163
2186,3314
2187,53471638
2188,931
2189,14493
2190,15406
2191,53424302
2192,31210
2193,36224
2194,8815
2195,21554588
2196,61449
2197,92821
2198,86707
2199,175606
2200,170687
2201,7057942
2202,7460
2203,7057943
2204,93320
2205,170398
2206,5318042
2207,5362594
2208,7169
2209,6437428
2210,81894
2211,575451
2212,70797
2213,700
2214,104721
2215,20268659
2216,442482
2217,8748
2218,11566
2219,11127402
2220,26396
2221,228987
2222,6950307
2223,11367306
2224,74786
2225,522877
2226,6429268
2227,10889018
2228,10623
2229,61375
2230,9859094
2231,74915
2232,108507
2233,19233
2234,61130
2235,92231
2236,4100752
2237,22383
2238,16331
2239,12780
2240,4943
2241,6660
2242,11520
2243,7128
2244,40631
2245,5352543
2246,5510
2247,31234
2248,5318103
2249,962
2250,8087
2251,5365703
2252,6437290
2253,10128
2254,106217
2255,92292
2256,6885
2257,81591
2258,112049
2259,53425775
2260,82397
2261,6437805
2262,29251
2263,10402
2264,3023838
2265,17696
2266,62334
2267,7943
2268,6420258
2269,7659
2270,7095
2271,323
2272,929336
2273,11586787
2274,69460
2275,6437735
2276,12506
2277,98478
2278,108506
2279,12779
2280,105764
2281,20995
2282,87598
2283,16070752
2284,6022
2285,544628
2286,547350
2287,5315912
2288,50941
2289,5362696
2290,5365910
2291,61312
2292,5280483
2293,106216
2294,10899740
2295,23039305
2296,15606
2297,61926
2298,16063805
2299,108426
2300,17898
2301,222285
2302,29060
2303,31408
2304,528708
2305,637796
2306,8794
2307,90978
2308,61240
2309,3034463
2310,106729
2311,101989
2312,77837
2313,6441164
2314,6436339
2315,110867
2316,7755
2317,62092
2318,3018362
2319,1549040
2320,8012
2321,24020
2322,519915
2323,95495
2324,69320
2325,521185
2326,3025865
2327,7991
2328,3931
2329,101150
2330,5367681
2331,61014
2332,89385
2333,106826
2334,5987
2335,11005
2336,517970
2337,5352481
2338,61138
2339,61829
2340,53436632
2341,7478
2342,6912
2343,5780
2344,26204
2345,7703
2346,61370
2347,61072
2348,62017
2349,1549018
2350,14525
2351,6915922
2352,887
2353,118146
2354,526657
2355,14434313
2356,5937114
2357,12038
2358,6429261
2359,12072
2360,91697
2361,11428
2362,80407
2363,17903
2364,7795
2365,116736
2366,61631
2367,8831
2368,520888
2369,60985
2370,6429262
2371,71587038
2372,261
2373,109418
2374,335
2375,24838
2376,83268
2377,5371002
2378,15172
2379,9562584
2380,61027
2381,15984303
2382,5318599
2383,76889
2384,529345
2385,61278
2386,670
2387,78151
2388,70153
2389,57357963
2390,6504
2391,23452781
2392,11996452
2393,3656473
2394,2733294
2395,18539813
2396,97987
2397,3017811
2398,93019
2399,5284607
2400,7924
2401,62182
2402,75715
2403,243675
2404,25916
2405,6429218
2406,605629
2407,219461
2408,12352
2409,12361768
2410,6445555
2411,62098
2412,5367848
2413,240117
2414,11253924
2415,246728
2416,41742
2417,5280341
2418,92083
2419,31291
2420,4682590
2421,6431477
2422,563
2423,6436488
2424,338
2425,5354499
2426,11855994
2427,24116
2428,2507689
2429,87637
2430,14505
2431,10197810
2432,6985
2433,104471
2434,10448
2435,14295
2436,6482
2437,5283357
2438,2733977
2439,246089
2440,8182
2441,7531
2442,5352460
2443,85568
2444,5362563
2445,20656016
2446,18000835
2447,73114
2448,71587277
2449,3020082
2450,5352808
2451,92283
2452,173312
2453,61875
2454,527424
2455,11807
2456,15037
2457,6450452
2458,61210
2459,97996
2460,24516
2461,105392
2462,5365992
2463,8003
2464,61007
2465,6428802
2466,87198
2467,5365850
2468,10920542
2469,8175
2470,12338
2471,61171
2472,85703
2473,5365912
2474,11363
2475,106871
2476,81040
2477,8833
2478,5355254
2479,6430159
2480,6931727
2481,14235
2482,324224
2483,6998928
2484,22873
2485,24115
2486,6437467
2487,62166
2488,560255
2489,19707
2490,24508
2491,162493
2492,74137
2493,69516
2494,6432308
2495,7632
2496,109263
2497,10362
2498,116562
2499,71544
2500,11883
2501,61313
2502,11830590
2503,6455146
2504,231325
2505,440966
2506,7896
2507,3020401
2508,11543
2509,106740
2510,53436911
2511,22082179
2512,62571
2513,5281521
2514,62220
2515,61985
2516,12329
2517,108625
2518,5357153
2519,638132
2520,11509
2521,232703
2522,673160
2523,637090
2524,60980
2525,529049
2526,41570
2527,12217499
2528,6430713
2529,7823
2530,118119
2531,9017
2532,442431
2533,221069
2534,601946
2535,162248
2536,16204529
2537,638024
2538,12613
2539,122594
2540,79409
2541,8365
2542,1549026
2543,527442
2544,82664
2545,6994068
2546,957
2547,18827
2548,6999975
2549,7057972
2550,7975
2551,84216
2552,7413
2553,6436330
2554,712
2555,61658
2556,31954
2557,28930
2558,7799
2559,87630
2560,10261
2561,14529
2562,61914
2563,7162054
2564,4788
2565,20841446
2566,9815427
2567,90899
2568,21363
2569,20861
2570,61319
2571,69885
2572,15395
2573,6442642
2574,20350
2575,528707
2576,32065
2577,12248
2578,106442
2579,92256353
2580,26447
2581,520194
2582,86799
2583,6435869
2584,10725569
2585,17129
2586,6428570
2587,175609
2588,6753
2589,385
2590,5365049
2591,5362661
2592,440968
2593,2724161
2594,31241
2595,3033866
2596,12304610
2597,534931
2598,5460291
2599,240119
2600,880
2601,62660
2602,445639
2603,101137
2604,5462814
2605,3086639
2606,86748
2607,62583
2608,642039
2609,5735
2610,120101
2611,30247
2612,41685
2613,5364399
2614,520455
2615,11230
2616,74112
2617,494311
2618,12141
2619,83655
2620,21918450
2621,16913
2622,61098
2623,5372353
2624,7657
2625,6437468
2626,5363120
2627,4458
2628,19543
2629,529623
2630,103852
2631,106742
2632,5463935
2633,526708
2634,16213732
2635,29574
2636,109467
2637,222
2638,61020
2639,8127
2640,6343
2641,61955
2642,64805
2643,24191
2644,103499
2645,1551245
2646,11266244
2647,121237820
2648,6533
2649,79148
2650,101696
2651,1549019
2652,6259976
2653,526616
2654,7459
2655,95330
2656,643723
2657,76319594
2658,20959
2659,54048924
2660,97707
2661,5363527
2662,7184
2663,23497922
2664,61452
2665,16204499
2666,99818
2667,5353011
2668,6374524
2669,6433715
2670,8195
2671,162627
2672,8908
2673,6428428
2674,22629
2675,101297586
2676,5317570
2677,7461
2678,5797328
2679,534969
2680,5325911
2681,6430888
2682,526853
2683,61431
2684,14425
2685,6432923
2686,6989
2687,17586
2688,10659
2689,229888
2690,6437544
2691,6437300
2692,17000
2693,15897831
2694,5352428
2695,10857465
2696,61151
2697,38679
2698,1381163
2699,106829
2700,520108
2701,102604
2702,520420
2703,7593
2704,984
2705,1715134
2706,11138191
2707,67521
2708,6438313
2709,71587756
2710,65425
2711,62336
2712,6365451
2713,12988
2714,62237
2715,15560285
2716,110543
2717,9316
2718,107073
2719,12756
2720,5318557
2721,62105
2722,6434672
2723,53423642
2724,50216
2725,228993
2726,5273465
2727,61521
2728,88301
2729,5355293
2730,521334
2731,12264
2732,111402
2733,40749
2734,166523
2735,120048
2736,111547
2737,226249
2738,6427108
2739,15196
2740,8918
2741,8207
2742,27868
2743,5280934
2744,7363
2745,31223
2746,7909
2747,62000
2748,7771
2749,19309
2750,525
2751,7058
2752,72300
2753,11221120
2754,86208
2755,109095
2756,1550489
2757,444212
2758,7824
2759,60990
2760,95466
2761,71587376
2762,7848
2763,5365699
2764,12729
2765,2724896
2766,117568
2767,61586
2768,62151
2769,6930
2770,3017418
2771,443183
2772,101536
2773,12309449
2774,2345
2775,74008
2776,14931226
2777,522255
2778,7362
2779,523918
2780,19165
2781,447765
2782,6365780
2783,3018907
2784,537682
2785,14311
2786,15607
2787,102562
2788,4932
2789,79552
2790,520911
2791,65428
2792,11095734
2793,7583
2794,5352974
2795,18698
2796,7162055
2797,71587572
2798,10947
2799,16846
2800,5362620
2801,17868
2802,12009861
2803,80046
2804,3023610
2805,12741
2806,11613
2807,91388
2808,18938
2809,21723990
2810,535026
2811,61634
2812,6334
2813,15743318
2814,3034828
2815,10457
2816,26179
2817,11572
2818,61302
2819,5371102
2820,964
2821,1201530
2822,11357212
2823,34590
2824,5363741
2825,5368076
2826,14986
2827,61402
2828,125
2829,519203
2830,12230
2831,89560
2832,94569
2833,998
2834,16213731
2835,520326
2836,308
2837,757
2838,110373
2839,326
2840,118201
2841,5362567
2842,74279
2843,95016
2844,5364495
2845,5284499
2846,8086
2847,6950479
2848,6005821
2849,7793
2850,33166
2851,16864
2852,61661
2853,12209
2854,13663
2855,22303
2856,61153
2857,74648
2858,30231
2859,2723653
2860,62490
2861,110923
2862,104224
2863,969516
2864,12025
2865,15755823
2866,5352557
2867,5355853
2868,6437677
2869,20534
2870,7614
2871,6428782
2872,8093
2873,163617
2874,62907
2875,13654
2876,12257
2877,12999
2878,12867949
2879,16679
2880,108764
2881,110747
2882,62578
2883,174766
2884,10149036
2885,5364231
2886,5371084
2887,106936
2888,62624
2889,167812
2890,61003
2891,61015
2892,5362581
2893,3034895
2894,160064
2895,60997
2896,111394
2897,61096
2898,71336211
2899,162458
2900,6437243
2901,62835
2902,62328
2903,102916
2904,6819
2905,6937
2906,5315347
2907,8901
2908,61951
2909,24680
2910,5319765
2911,5367536
2912,11406
2913,101921
2914,119674
2915,13852
2916,81359
2917,6436311
2918,44079
2919,31251
2920,7989
2921,90586
2922,14079
2923,7959
2924,9793908
2925,68968644
2926,53654
2927,57350395
2928,17623
2929,79803
2930,5366155
2931,117305
2932,439846
2933,85224
2934,79554
2935,6432211
2936,5280511
2937,4488713
2938,107071
2939,103875
2940,3020012
2941,66327
2942,7151
2943,222656
2944,19603
2945,5486616
2946,5284421
2947,6364
2948,42538
2949,10927
2950,30914
2951,5463791
2952,582291
2953,280190
2954,9251
2955,61359
2956,522674
2957,8116
2958,5362572
2959,12600623
2960,5283336
2961,3018539
2962,86749
2963,102779
2964,113640
2965,67144
2966,8710
2967,528135
2968,240121
2969,1146
2970,5462398
2971,5362833
2972,169110
2973,26331
2974,43045
2975,538506
2976,6536892
2977,31224
2978,7781
2979,21006
2980,16899
2981,6915
2982,6435841
2983,166517
2984,61206
2985,92313
2986,9862
2987,13367
2988,75427
2989,15369664
2990,95392
2991,10895
2992,15701285
2993,169321
2994,12348
2995,7194
2996,94001
2997,69154
2998,110740
2999,5960065
3000,12391
3001,61660
3002,1549992
3003,74563
3004,5367412
3005,6436780
3006,8892
3007,228769
3008,9589
3009,8121
3010,442362
3011,109457
3012,17244
3013,8137
3014,118641
3015,14057
3016,25325
3017,164422
3018,8900
3019,13854
3020,141850
3021,3016085
3022,5366408
3023,50212
3024,6432474
3025,5322111
3026,61403
3027,12206
3028,5367531
3029,8858
3030,60979
3031,12386
3032,241
3033,5980396
3034,6276
3035,9856149
3036,22227
3037,445858
3038,442368
3039,5355152
3040,102714
3041,8114
3042,8878
3043,7381
3044,5312351
3045,2734864
3046,103648
3047,6437442
3048,7225
3049,7616
3050,11002
3051,522514
3052,853433
3053,6433089
3054,8698
3055,6537093
3056,74901
3057,6428990
3058,94579
3059,226311
3060,71587170
3061,107057
3062,5365891
3063,8439
3064,7663
3065,5367766
3066,76722
3067,12150
3068,16063533
3069,6008212
3070,70972
3071,24874
3072,74408
3073,108244
3074,22096564
3075,16441
3076,443167
3077,6631
3078,103378
3079,9024
3080,3084311
3081,243670
3082,14919
3083,5364409
3084,23832
3085,53750858
3086,61407
3087,112152
3088,6431476
3089,56843582
3090,529379
3091,636687
3092,16081706
3093,8112
3094,5370101
3095,637756
3096,3086255
3097,5324052
3098,61954
3099,75664
3100,3032853
3101,61840
3102,6616
3103,442495
3104,13204
3105,61137
3106,11447401
3107,119831
3108,68346
3109,93649
3110,17685
3111,61262
3112,20473563
3113,98346
3114,85741
3115,25099817
3116,17090
3117,12765
3118,82227
3119,16330
3120,90972
3121,1083514
3122,62469
3123,112492
3124,250096
3125,16205025
3126,61945
3127,19872333
3128,6366434
3129,7302
3130,303711
3131,57495095
3132,62128
3133,69721
3134,3019015
3135,1713001
3136,248488
3137,10453
3138,10885
3139,7269
3140,103034
3141,84559
3142,7173971
3143,53470669
3144,7224
3145,98781
3146,459494
3147,61126
3148,53422899
3149,575405
3150,550768
3151,53425122
3152,61531
3153,7662
3154,7758
3155,6445771
3156,163418
3157,109468
3158,106770
3159,10335
3160,106697
3161,6428088
3162,5362819
3163,47649
3164,5356544
3165,5282714
3166,11322274
3167,21932486
3168,4564493
3169,6441135
3170,18185507
3171,89463
3172,442343
3173,94378
3174,61990
3175,31231
3176,20487
3177,522111
3178,83652
3179,61134
3180,21870
3181,111037
3182,84614
3183,111044
3184,656467
3185,14504
3186,138859
3187,6436486
3188,17131
3189,8419
3190,330573
3191,19499
3192,10123
3193,66751
3194,6428574
3195,6537739
3196,62453
3197,5283363
3198,10797
3199,6432469
3200,126
3201,5352838
3202,11962
3203,114530
3204,6652
3205,193458
3206,1549778
3207,7168192
3208,7284
3209,12367
3210,3025939
3211,31277
3212,85520
3213,519823
3214,6428089
3215,522676
3216,517827
3217,44154170
3218,101976
3219,5354883
3220,12177
3221,10015
3222,5352435
3223,61135
3224,3022909
3225,8052
3226,15146
3227,62911
3228,12518
3229,525330
3230,3015925
3231,162309
3232,836904
3233,23377482
3234,12127
3235,10329459
3236,529352
3237,17525
3238,61457
3239,101363
3240,5354897
3241,11748
3242,33637
3243,443178
3244,57429407
3245,62434
3246,98012
3247,5362584
3248,2839751
3249,556916
3250,65427
3251,7002
3252,16081708
3253,109640
3254,1549045
3255,8007
3256,13357
3257,12004383
3258,208863
3259,3034034
3260,1201528
3261,7580
3262,8158
3263,3018210
3264,3486665
3265,8635
3266,8633
3267,172843
3268,89539
3269,545739
3270,62387
3271,118782
3272,8143
3273,6781
3274,6437654
3275,8899
3276,77698
3277,517637
3278,67406
3279,60999
3280,574068
3281,1252759
3282,15571
3283,11323257
3284,61208
3285,92002
3286,16701
3287,23623868
3288,5956805
3289,441572
3290,12306047
3291,44145973
3292,10106
3293,3023951
3294,5367706
3295,10931630
3296,61896
3297,7974
3298,6430759
3299,229377
3300,38415
3301,5702654
3302,6430151
3303,21158617
3304,547907
3305,549586
3306,75554
3307,6437737
3308,106827
3309,1268142
3310,6437002
3311,5367698
3312,31269
3313,16900
3314,6493
3315,439223
3316,61400
3317,7599
3318,5385520
3319,7921
3320,8025
3321,80408
3322,6438196
3323,166504
3324,5463238
3325,6431223
3326,5282650
3327,6656
3328,61260
3329,6428443
3330,142266
3331,442359
3332,87632
3333,228343
3334,6569
3335,346286
3336,169830
3337,5084146
3338,61967
3339,23104
3340,3066538
3341,18309
3342,6430180
3343,7361
3344,3023273
3345,642376
3346,165224
3347,2734646
3348,1548901
3349,227829
3350,13220327
3351,5364778
3352,82336
3353,12580
3354,77652
3355,3018221
3356,112172
3357,7894
3358,12635160
3359,11064349
3360,22336876
3361,5320609
3362,24624
3363,109387
3364,110370
3365,10873
3366,15613
3367,5320722
3368,6435866
3369,8160
3370,7012
3371,79065
3372,6951715
3373,12662
3374,159055
3375,12315492
3376,5281535
3377,17816
3378,20928
3379,20378
3380,7343
3381,108443
3382,53435896
3383,14064911
3384,121774
3385,8060
3386,6971248
3387,101362
3388,8554
3389,101602
3390,15219341
3391,26335
3392,5319693
3393,10282
3394,5365991
3395,5311408
3396,102507
3397,31404
3398,1136
3399,5352972
3400,6986
3401,94174
3402,6432852
3403,5369459
3404,34645
3405,162213
3406,273
3407,5363389
3408,11007913
3409,138508
3410,90473619
3411,7780
3412,16315
3413,6427091
3414,62345
3415,101365
3416,107272
3417,6438319
3418,78126
3419,7997
3420,18826
3421,5367719
3422,94014
3423,643001
3424,109127
3425,94354
3426,16058296
3427,548370
3428,20357
3429,7148
3430,3094320
3431,533700
3432,528704
3433,111369
3434,21003
3435,7983
3436,93073
3437,91978
3438,30771
3439,6552009
3440,15540144
3441,109455
3442,21596
3443,6428793
3444,7211
3445,5281516
3446,529481
3447,21885377
3448,155708
3449,524975
3450,10444425
3451,2519
3452,7702
3453,160799
3454,76922
3455,33931
3456,7712
3457,5363206
3458,7476
3459,56959606
3460,7797
3461,5352973
3462,12044
3463,15068
3464,103826
3465,17839537
3466,101750
3467,103380
3468,85724
3469,82661
3470,61897
3471,24986
3472,94335
3473,12327
3474,309
3475,5362736
3476,62106
3477,100930
3478,5282108
3479,62131
3480,68482
3481,61715
3482,5352459
3483,79582
3484,11340
3485,64812
3486,7156991
3487,1585264
3488,1550470
3489,5365069
3490,10867438
3491,61290
3492,66678
3493,61832
3494,5375215
3495,5744267
3496,106745
3497,527393
3498,61633
3499,14896
3500,7775
3501,527108
3502,317052
3503,521300
3504,79782
3505,106672
3506,31260
3507,11168
3508,21057
3509,31253
3510,111351
3511,13436
3512,5374527
3513,19100
3514,6950274
3515,10224
3516,5352371
3517,544155
3518,7858
3519,14286
3520,1549025
3521,14486
3522,102861
3523,6365665
3524,557223
3525,537619
3526,175220
3527,8092
3528,5316879
3529,107068
3530,11736563
3531,62117
3532,6440397
3533,118928
3534,5283349
3535,4
3536,6504499
3537,176983
3538,12777
3539,66929
3540,61416
3541,101977
3542,518856
3543,97885
3544,7782
3545,95457
3546,5363140
3547,98218
3548,56843050
3549,118521
3550,62349
3551,78954
3552,24113
3553,17739
3554,6365696
3555,162268
3556,1550886
3557,10702081
3558,442461
3559,162239
3560,90733
3561,15077
3562,6431224
3563,175572
3564,8857
3565,80960
3566,12306048
3567,93199
3568,827
3569,562563
3570,5280371
3571,7704
3572,7519
3573,61229
3574,5354833
3575,175366
3576,121738
3577,23368
3578,518472
3579,161960
3580,5362695
3581,5281519
3582,80865
3583,80790
3584,10231
3585,5352819
3586,20739
3587,7391
3588,40380
3589,79457
3590,529770
3591,3327
3592,6658
3593,123388
3594,95266
3595,66337
3596,100197
3597,53426546
3598,3026
3599,91496
3600,70129
3601,221668
3602,5288845
3603,7057904
3604,525372
3605,8026
3606,69415
3607,641423
3608,16778
3609,5270723
3610,69600
3611,229385
3612,6326181
3613,5352876
3614,5363118
3615,5284507
3616,62087
3617,3018619
3618,7644
3619,164355
3620,17355
3621,118181
3622,567305
3623,9815980
3624,31265
3625,5354238
3626,6437739
3627,6365761
3628,20519098
3629,529253
3630,90773
3631,26332
3632,61252
3633,642783
3634,5355857
3635,5463875
3636,288227
3637,6438069
3638,12247
3639,26955
3640,74363
3641,5752319
3642,8767
3643,88038
3644,6435833
3645,679
3646,8821
3647,86559
3648,77840
3649,10396
3650,7635
3651,7439
3652,5323652
3653,27458
3654,11506817
3655,31219
3656,31492
3657,82511
3658,6431151
3659,7800
3660,12178
3661,5282707
3662,10748
3663,526177
3664,62183
3665,6366381
3666,6429292
3667,64807
3668,6998
3669,10795
3670,92572
3671,106725
3672,5463842
3673,8091
3674,644216
3675,447661
3676,6632
3677,12410118
3678,31268
3679,162418
3680,86558
3681,5312350
3682,5018391
3683,94886
3684,7239
3685,6951714
3686,110655
3687,16204532
3688,6324
3689,5463954
3690,637520
3691,12045
3692,560879
3693,84234
3694,7353
3695,22952976
3696,21909238
3697,29933357
3698,71587757
3699,21434157
3700,7966
3701,8021
3702,6877
3703,7469
3704,5358336
3705,19243
3706,79547
3707,643135
3708,220076
3709,548235
3710,12297
3711,119853
3712,112457
3713,5366844
3714,92543
3715,61192
3716,74360
3717,95595
3718,519158
3719,5321950
3720,529496
3721,102820
3722,12993
3723,441005
3724,61663
3725,7364
3726,161683
3727,8184
3728,88454
3729,11124
3730,5862476
3731,9609
3732,135
3733,7794
3734,6428573
3735,2724897
3736,62902
3737,31283
3738,78653
3739,524461
3740,229
3741,11264039
3742,85979
3743,5365916
3744,62362
3745,103404
3746,61342
3747,3034278
3748,162292
3749,8163
3750,12344
3751,61005
3752,112412
3753,5363203
3754,6360
3755,1201521
3756,61334
3757,37065
3758,162479
3759,5463762
3760,9833996
3761,162626
3762,15450
3763,854
3764,642887
3765,53411110
3766,11686063
3767,62572
3768,5365027
3769,61953
3770,235414
3771,7562
3772,7728
3773,111378
3774,16670
3775,81464
3776,11449
3777,346281
3778,114558
3779,540124
3780,61346
3781,61839
3782,6777
3783,66963592
3784,18898
3785,6017272
3786,549715
3787,79248
3788,12810
3789,67285
3790,227085
3791,6433750
3792,93832
3793,6436710
3794,526931
3795,325
3796,20372966
3797,16220109
3798,10882
3799,108446
3800,5370052
3801,111989
3802,529907
3803,61503
3804,118088
3805,101555
3806,41285
3807,106748
3808,67146
3809,28151
3810,61282
3811,8146
3812,56969824
3813,30747
3814,14818318
3815,570530
3816,107333
3817,13216
3818,76877
3819,104513
3820,443156
3821,21554596
3822,10560
3823,526661
3824,60968
3825,6432475
3826,7055
3827,6441026
3828,5362566
3829,5283345
3830,35349
3831,71306906
3832,6835
3833,18635
3834,61093
3835,53428828
3836,5463804
3837,5283321
3838,66282
3839,643915
3840,166341
3841,1060
3842,21625
3843,61185
3844,86851
3845,1738122
3846,6434541
3847,5063293
3848,61275
3849,519786
3850,548353
3851,105651
3852,66021
3853,6378
3854,65036
3855,12389
3856,108518
3857,442348
3858,11517
3859,93046
3860,876160
3861,6365607
3862,100939
3863,69523
3864,73456809
3865,24585
3866,78903
3867,12980878
3868,10248
3869,15909
3870,522677
3871,166486
3872,9256
3873,88267
3874,102993
3875,6506
3876,5362580
3877,2355
3878,35821
3879,7984
3880,7707
3881,6441873
3882,528308
3883,111274
3884,6027
3885,71571511
3886,53424394
3887,6086514
3888,53683233
3889,10934
3890,176439
3891,31211
3892,5463228
3893,5356250
3894,6427105
3895,106523
3896,20838599
3897,529346
3898,6429333
3899,61052
3900,15448
3901,6437982
3902,5364941
3903,1123
3904,61071
3905,641248
3906,23623724
3907,8768
3908,5362591
3909,91116
3910,11815386
3911,11424363
3912,7150
3913,44147198
3914,44145443
3915,521869
3916,55253565
3917,89802
3918,228548
3919,162595
3920,76674
3921,92139
3922,75552
3923,11770062
3924,61834
3925,61979
3926,6427787
3927,5472296
3928,562228
3929,7936
3930,519129
3931,5283328
3932,58
3933,5283381
3934,5325912
3935,117336
3936,11614
3937,7530
3938,8068
3939,5364397
3940,543562
3941,67480918
3942,10954
3943,7462
3944,8049
3945,87466
3946,1339314
3947,92874
3948,31209
3949,5364291
3950,10024
3951,529052
3952,18686
3953,6436969
3954,8454
3955,7505
3956,65300
3957,69091
3958,521332
3959,5971
3960,5364631
3961,7335
3962,6951724
3963,162249
3964,520395
3965,13854255
3966,7685
3967,5478986
3968,61129
3969,61771
3970,560109
3971,17166
3972,18598146
3973,68031393
3974,90790
3975,5354280
3976,3086443
3977,11085796
3978,3017923
3979,5273469
3980,92108
3981,11196
3982,58004815
3983,5367391
3984,175661
3985,121739
3986,69963
3987,1565622
3988,6558
3989,5369371
3990,7193
3991,5281929
3992,5352450
3993,118292
3994,5875676
3995,5355899
3996,62575
3997,1491
3998,138491
3999,281853
4000,9007
4001,136335
4002,6436989
4003,29421
4004,10817
4005,181747
4006,100240
4007,11387
4008,62378
4009,6612
4010,7465
4011,11559
4012,5283308
4013,33960
4014,10561017
4015,17243
4016,10176881
4017,439711
4018,27440
4019,62876
4020,109413
4021,5271574
4022,568076
4023,6366609
4024,107098
4025,284
4026,6393846
4027,14918
4028,9989
4029,62444
4030,3084764
4031,5363233
4032,109550
4033,529344
4034,61835
4035,5282716
4036,62752
4037,5363537
4038,11584
4039,10451
4040,637517
4041,6379721
4042,61664
4043,3023839
4044,226486
4045,5283316
4046,78925
4047,175002
4048,17356
4049,3022846
4050,522422
4051,6997342
4052,11658617
4053,19802
4054,8134
4055,9834711
4056,10219851
4057,228604
4058,74791
4059,46941523
4060,6440993
4061,23347
4062,29025
4063,98106
4064,11574
4065,87166
4066,21149427
4067,2346
4068,3853254
4069,3321360
4070,110542
4071,5323650
4072,6428327
4073,61467
4074,61406
4075,93375
4076,61435
4077,163620
4078,7687
4079,11006
4080,5352690
4081,3034843
4082,20046
4083,10199055
4084,23110
4085,6537490
4086,73555318
4087,11413787
4088,6951712
4089,61384
4090,20748
4091,7770
4092,6427080
4093,20799
4094,57375717
4095,37066
4096,5323920
4097,13849
4098,160641
4099,6427789
4100,6435837
4101,61155
4102,12315259
4103,109140
4104,61295
4105,229384
4106,106714
4107,6951703
4108,66823518
4109,105896
4110,103719
4111,61051
4112,11086
4113,45160950
4114,22692
4115,6609
4116,81572
4117,10444
4118,6430307
4119,93111
4120,642117
4121,82493
4122,10393
4123,78122470
4124,7057971
4125,523035
4126,6435838
4127,8863
4128,5251
4129,94349
4130,138818
4131,15290
4132,89724
4133,8467
4134,69354
4135,61995
4136,11815467
4137,11240503
4138,5364789
4139,75153
4140,6432706
4141,18280
4142,21265
4143,8376
4144,68252
4145,11263567
4146,19633
4147,256071
4148,219672
4149,6431207
4150,73818
4151,90843
4152,379
4153,61006
4154,9473
4155,5362792
4156,638139
4157,61050
4158,7725
4159,11332852
4160,92030006
4161,6436374
4162,5463906
4163,173535
4164,23616
4165,28905
4166,642793
4167,61662
4168,105755
4169,109458
4170,5462986
4171,6437178
4172,5373603
4173,4840
4174,6437720
4175,6435835
4176,519907
4177,1714993
4178,21895
4179,5270709
4180,68110
4181,8400
4182,5355856
4183,44153717
4184,5372195
4185,71356702
4186,7044
4187,175596
4188,7643
4189,6435882
4190,93838
4191,106866
4192,10582
4193,520296
4194,102120
4195,61585
4196,16418
4197,105594
4198,90884
4199,6874
4200,102667
4201,24117
4202,228588
4203,112053
4204,6436625
4205,163588
4206,122549
4207,11409
4208,5363453
4209,54678494
4210,522458
4211,5315892
4212,100941
4213,3018500
4214,521326
4215,6736
4216,6931726
4217,5282724
4218,61989
4219,2682
4220,12507
4221,13577
4222,5355850
4223,7037
4224,6881
4225,31263
4226,62588
4227,5362583
4228,24755581
4229,86834
4230,122941
4231,5367475
4232,735940
4233,98461
4234,114535
4235,11434978
4236,14860
4237,11094871
4238,79240
4239,7359
4240,5365589
4241,62231
4242,529055
4243,98497
4244,875
4245,6997
4246,20358
4247,230995
4248,62553
4249,12293
4250,6436850
4251,109464
4252,62241
4253,7107
4254,61641
4255,5352770
4256,11095260
4257,2266
4258,112162
4259,6437207
4260,12181
4261,177
4262,19844
4263,263034
4264,5362798
4265,8148
4266,79828
4267,5352874
4268,11622
4269,529388
4270,61310
4271,94282
4272,173534
4273,10223
4274,6537958
4275,529300
4276,5315941
4277,84467
4278,230525
4279,10955174
4280,70962
4281,11576
4282,10823
4283,287439
4284,641834
4285,15031854
4286,85803
4287,6436582
4288,70456
4289,170833
4290,2998
4291,11176
4292,36081
4293,61746
4294,162476
4295,5318516
4296,8176
4297,62447
4298,244
4299,6429195
4300,71587758
4301,7501
4302,17365
4303,517791
4304,6919
4305,5406442
4306,22235151
4307,8042
4308,113204
4309,11335
4310,13270883
4311,4947
4312,5364998
4313,61046
4314,61453
4315,19863975
4316,110977
4317,162413
4318,62912
4319,20446
4320,11567
4321,439569
4322,62897
4323,7761
4324,243
4325,537615
4326,236
4327,73690
4328,7929
4329,221455
4330,5370599
4331,57346909
4332,20508
4333,108505
4334,8167
4335,20967
4336,78052
4337,5315592
4338,33135
4339,753
4340,7021340
4341,162030
4342,78006
4343,35785
4344,79544
4345,99332
4346,251530
4347,7093102
4348,5362854
4349,8113
4350,58165301
4351,106746
4352,20210
4353,671235
4354,61361
4355,8347
4356,6562
4357,6321405
4358,78236
4359,6568
4360,178
4361,101364
4362,75263
4363,521348
4364,6982
4365,135191
4366,261491
4367,20970
4368,11265
4369,170977
4370,1549660
4371,97842
4372,5352774
4373,636822
4374,55295881
4375,11019061
4376,3782139
4377,5319038
4378,3015979
4379,2724159
4380,61446
4381,61918
4382,90592
4383,11789380
4384,14228
4385,174490
4386,5355858
4387,6435876
4388,595928
4389,61325
4390,6436881
4391,5054
4392,61922
4393,6112709
4394,444972
4395,106739
4396,62368
4397,113514
4398,8471
4399,13463446
4400,62003
4401,85522
4402,520895
4403,5364230
4404,7119
4405,121646
4406,70520
4407,5273468
4408,6436491
4409,1031
4410,21595
4411,41270
4412,89559
4413,14297102
4414,61410
4415,5366203
4416,8582
4417,80024
4418,9018
4419,7710
4420,5281162
4421,198512
4422,66330
4423,85521
4424,643941
4425,23686
4426,89479
4427,125207
4428,7197
4429,5365706
4430,79089
4431,93831
4432,8020
4433,176
4434,7043
4435,3016598
4436,15824502
4437,521873
4438,7304
4439,101023
4440,64763
4441,103655
4442,175170
4443,162392
4444,112045
4445,38762
4446,527445
4447,62095
4448,112240
4449,6450204
4450,6435868
4451,93236
4452,3578033
4453,10315
4454,5362832
4455,6544
4456,137281
4457,19695
4458,5352463
4459,12266
4460,98403
4461,221641
4462,5355855
4463,10452
4464,5280656
4465,60995
4466,7392
4467,47922
4468,548221
4469,5743410
4470,6428927
4471,522171
4472,69351
4473,5352626
4474,10363
4475,15435
4476,69884
4477,24578
4478,699489
4479,22386
4480,61200
4481,61845
4482,10228
4483,3085846
4484,5463840
4485,2214
4486,111255
4487,11529
4488,16220110
4489,12263583
4490,10154345
4491,6441344
4492,8050
4493,78160
4494,11219061
4495,7820
4496,6363
4497,78750
4498,522673
4499,5355854
4500,11173
4501,12530
4502,42978
4503,5364920
4504,74004
4505,6432903
4506,5352162
4507,7796
4508,16081707
4509,62580
4510,62127
4511,114233
4512,6365389
4513,118487
4514,73955
4515,62321
4516,11552
4517,12265
4518,2724626
4519,12170
4520,61040
4521,6210220
4522,175273
4523,82229
4524,5352539
4525,14862
4526,6804
4527,3662099
4528,61942
4529,228583
4530,16063567
4531,112494
4532,12174
4533,44149601
4534,61984
4535,137059
4536,5283337
4537,342
4538,11264633
4539,5463913
4540,54682930
4541,91354
4542,66338
4543,6992611
4544,7714
4545,7646
4546,5283317
4547,6514
4548,5365849
4549,117477
4550,104598
4551,7915
4552,183870
4553,6450281
4554,4120025
4555,121719
4556,5463910
4557,14296
4558,25611
4559,643757
4560,61304
4561,162409
4562,9895
4563,22034852
4564,31286
4565,61700
4566,107166
4567,86733
4568,1616260
4569,161993
4570,66768
4571,5281522
4572,439568
4573,5317045
4574,5368236
4575,9027
4576,53930276
4577,20745
4578,106674
4579,175211
4580,71587678
4581,12844
4582,31214
4583,3485
4584,10856614
4585,11617
4586,7768
4587,6436548
4588,5368797
4589,521790
4590,7674
4591,5362595
4592,6437473
4593,72919
4594,7007
4595,11982
4596,11332546
4597,10861
4598,6430878
4599,5357002
4600,20372968
4601,11525
4602,79581
4603,121232748
4604,3354132
4605,71587802
4606,7455
4607,11579
4608,62465
4609,157995
4610,10405
4611,441245
4612,8658
4613,5362565
4614,75140
4615,525446
4616,162293
4617,12291
4618,442460
4619,74010
4620,22476645
4621,6437471
4622,61808
4623,91147
4624,163400
4625,97730
4626,6366719
4627,5320249
4628,22201
4629,440244
4630,62384
4631,5779
4632,8082
4633,180
4634,61522
4635,7136
4636,5282709
4637,564550
4638,62007
4639,8914
4640,61202
4641,118823
4642,85833
4643,11980
4644,15461361
4645,520119
4646,170948
4647,6430188
4648,1140
4649,24832089
4650,18467
4651,16912
4652,75187
4653,9855795
4654,5363817
4655,11523
4656,118658
4657,62351
4658,103401
4659,6501
4660,111384
4661,5317401
4662,7667
4663,5362760
4664,7409
4665,103402
4666,7749
4667,19223
4668,6997340
4669,529056
4670,11969488
4671,10909860
4672,6943
4673,8164
4674,62218
4675,6993580
4676,3086398
4677,119922
4678,107099
4679,5362622
4680,34134
4681,24976875
4682,5281520
4683,5365004
4684,6037
4685,7590
4686,20442793
4687,26630
4688,78199
4689,57355543
4690,15422
4691,61166
4692,68148
4693,6427076
4694,8193
4695,6431284
4696,1030
4697,521504
4698,61983
4699,47616
4700,155529
4701,181287