,odor1,odor2,pearson_corr_dist,o1_name,o2_name,shared_receptor_count
1,240,264,1.0279882862023046,1% Benzaldehyde,1% Butyric acid,0
2,240,454,1.3763668481245204,1% Benzaldehyde,1% Octanal,0
3,240,460,1.100330269224895,1% Benzaldehyde,1% Guaiacol,0
4,240,650,0.9126768591940397,1% Benzaldehyde,1% Diacetyl,0
5,240,1049,0.984482593752738,1% Benzaldehyde,1% Pyridine,3
6,240,2879,0.8006370047460764,1% Benzaldehyde,1% p-Cresol,0
7,240,4133,0.9965908081074205,1% Benzaldehyde,1% Methyl salicylate,0
8,240,6054,1.126533426017593,1% Benzaldehyde,1% 2-Phenylethanol,1
9,240,6387,1.071150730923622,1% Benzaldehyde,1% 2-Methyl-2-propanethiol,0
10,240,6549,0.9764636878192263,1% Benzaldehyde,1% Linalool,0
11,240,6654,1.0022147516811089,1% Benzaldehyde,1% α-Pinene,0
12,240,7410,1.3165028208849705,1% Benzaldehyde,0.01% Acetophenone,0
13,240,7762,1.0561986849380793,1% Benzaldehyde,1% Ethyl butyrate,0
14,240,8051,0.9592848816467909,1% Benzaldehyde,1% 2-Heptanone,0
15,240,8094,1.0081282618488276,1% Benzaldehyde,1% Heptanoic acid,0
16,240,8130,1.1532447724766195,1% Benzaldehyde,1% Heptanal,0
17,240,8500,1.2207588975828105,1% Benzaldehyde,1% 4-Methylacetophenone,1
18,240,8842,0.9955949525287101,1% Benzaldehyde,1% Citronellol,0
19,240,10409,1.2122451673530592,1% Benzaldehyde,100mM Cyclopentadecanone,0
20,240,10430,1.050836640010199,1% Benzaldehyde,0.1% Isovaleric acid,0
21,240,10925,1.179927234884632,1% Benzaldehyde,1% 3-Methyl-1-butanethiol,0
22,240,11583,1.3516868655156253,1% Benzaldehyde,1% 2-Hexanone,0
23,240,15510,1.150113297433507,1% Benzaldehyde,0.01% Cyclopentanethiol,0
24,240,16666,0.9534717645955109,1% Benzaldehyde,1M (-)-Menthol,1
25,240,16724,1.0610210567798932,1% Benzaldehyde,1% (+)-Carvone,0
26,240,16867,0.883186261123422,1% Benzaldehyde,1% 2M2T,0
27,240,19310,0.9687306712448508,1% Benzaldehyde,1% Dimethyl trisulfide,1
28,240,27457,0.9311636379333728,1% Benzaldehyde,1% 2-Ethyl-3-methylpyrazine,0
29,240,31244,0.9595687036557028,1% Benzaldehyde,0.01% Anisaldehyde,1
30,240,31252,0.8407656474005367,1% Benzaldehyde,"1% 2,5-Dimethylpyrazine",1
31,240,31276,1.1990931146816324,1% Benzaldehyde,1% Isoamyl acetate,0
32,240,32052,0.9776449925463824,1% Benzaldehyde,1% β-Damascone,0
33,240,61653,1.2456849727855477,1% Benzaldehyde,1% nTMT,1
34,240,80080,1.1923015085220146,1% Benzaldehyde,10% (-)-2-Octanol,0
35,240,122370,0.9021948967661619,1% Benzaldehyde,100 µM (Methylthio)methanethiol,0
36,240,162148,0.924733404172299,1% Benzaldehyde,0.01% SBT,0
37,240,165675,0.9550406266836086,1% Benzaldehyde,1M (+)-Menthol,0
38,240,263626,0.9574162926723947,1% Benzaldehyde,0.01% TMT,0
39,240,439570,1.0682219908210944,1% Benzaldehyde,1% (-)-Carvone,0
40,240,440917,0.8871618581860756,1% Benzaldehyde,1% (+)-Limonene,0
41,240,536095,1.1065248135487828,1% Benzaldehyde,77% DHB,0
42,240,637511,0.7150614020892259,1% Benzaldehyde,1% Trans-cinnamaldehyde,0
43,240,637523,0.9348347954532293,1% Benzaldehyde,1% Hexyl tiglate,0
44,240,638011,0.8946996972943837,1% Benzaldehyde,0.01% Citral,0
45,240,638014,1.1418669896735947,1% Benzaldehyde,1% β-Ionone,0
46,240,2723888,1.2010010455866662,1% Benzaldehyde,10% (+)-2-Octanol,0
47,240,5281163,1.1550550262307249,1% Benzaldehyde,1% Ethyl tiglate,0
48,240,5281517,0.985377550113053,1% Benzaldehyde,100% (E)-β-farnesene,0
49,240,5319754,0.9250173195281461,1% Benzaldehyde,1% 2-Methyl-2-pentenal,0
50,240,5367745,1.2452898120438436,1% Benzaldehyde,1% Isopropyl tiglate,0
51,240,6433451,1.1771599265302044,1% Benzaldehyde,0.01% 2-Butene-1-thiol,0
53,264,454,1.0559580228490577,1% Butyric acid,1% Octanal,1
54,264,460,1.1677174773063599,1% Butyric acid,1% Guaiacol,0
55,264,650,0.9298351874704993,1% Butyric acid,1% Diacetyl,0
56,264,1049,1.0012862078916964,1% Butyric acid,1% Pyridine,0
57,264,2879,1.1022313520800606,1% Butyric acid,1% p-Cresol,0
58,264,4133,1.0739179738834475,1% Butyric acid,1% Methyl salicylate,0
59,264,6054,0.9225136291233442,1% Butyric acid,1% 2-Phenylethanol,0
60,264,6387,0.9046568640914052,1% Butyric acid,1% 2-Methyl-2-propanethiol,0
61,264,6549,0.916739172435619,1% Butyric acid,1% Linalool,0
62,264,6654,1.027404559138425,1% Butyric acid,1% α-Pinene,0
63,264,7410,1.0919073599291778,1% Butyric acid,0.01% Acetophenone,0
64,264,7762,0.9290163491442414,1% Butyric acid,1% Ethyl butyrate,1
65,264,8051,1.0130322069840803,1% Butyric acid,1% 2-Heptanone,1
66,264,8094,1.063775731999518,1% Butyric acid,1% Heptanoic acid,0
67,264,8130,0.9239962696955308,1% Butyric acid,1% Heptanal,0
68,264,8500,1.0036998427477992,1% Butyric acid,1% 4-Methylacetophenone,0
69,264,8842,1.0620419609633425,1% Butyric acid,1% Citronellol,0
70,264,10409,0.9625207623464608,1% Butyric acid,100mM Cyclopentadecanone,0
71,264,10430,0.930371075837809,1% Butyric acid,0.1% Isovaleric acid,1
72,264,10925,0.9775187105818264,1% Butyric acid,1% 3-Methyl-1-butanethiol,0
73,264,11583,0.9975491744475022,1% Butyric acid,1% 2-Hexanone,0
74,264,15510,0.9458999780099154,1% Butyric acid,0.01% Cyclopentanethiol,0
75,264,16666,1.1452618766282523,1% Butyric acid,1M (-)-Menthol,0
76,264,16724,1.1425204560256963,1% Butyric acid,1% (+)-Carvone,0
77,264,16867,1.1680168163740472,1% Butyric acid,1% 2M2T,0
78,264,19310,1.0007597805613229,1% Butyric acid,1% Dimethyl trisulfide,0
79,264,27457,1.120037236665483,1% Butyric acid,1% 2-Ethyl-3-methylpyrazine,0
80,264,31244,1.036855119030559,1% Butyric acid,0.01% Anisaldehyde,1
81,264,31252,1.1465103593186616,1% Butyric acid,"1% 2,5-Dimethylpyrazine",0
82,264,31276,0.9213986864150107,1% Butyric acid,1% Isoamyl acetate,0
83,264,32052,1.1079199795307009,1% Butyric acid,1% β-Damascone,0
84,264,61653,1.1425394648224656,1% Butyric acid,1% nTMT,0
85,264,80080,1.0011522174285574,1% Butyric acid,10% (-)-2-Octanol,0
86,264,122370,1.065545152907839,1% Butyric acid,100 µM (Methylthio)methanethiol,0
87,264,162148,1.0580539329727119,1% Butyric acid,0.01% SBT,0
88,264,165675,1.1391736640364434,1% Butyric acid,1M (+)-Menthol,0
89,264,263626,1.0448072710035696,1% Butyric acid,0.01% TMT,0
90,264,439570,1.1258733143440462,1% Butyric acid,1% (-)-Carvone,0
91,264,440917,1.0326601428261073,1% Butyric acid,1% (+)-Limonene,0
92,264,536095,0.9282355349755222,1% Butyric acid,77% DHB,1
93,264,637511,1.0293253674668446,1% Butyric acid,1% Trans-cinnamaldehyde,0
94,264,637523,1.0624355594691464,1% Butyric acid,1% Hexyl tiglate,0
95,264,638011,1.0600682769993413,1% Butyric acid,0.01% Citral,0
96,264,638014,0.9639518233800333,1% Butyric acid,1% β-Ionone,0
97,264,2723888,0.9970189489104561,1% Butyric acid,10% (+)-2-Octanol,1
98,264,5281163,0.8487358017220858,1% Butyric acid,1% Ethyl tiglate,1
99,264,5281517,1.0475766031507274,1% Butyric acid,100% (E)-β-farnesene,0
100,264,5319754,0.9260109620816773,1% Butyric acid,1% 2-Methyl-2-pentenal,1
101,264,5367745,1.0145579978135646,1% Butyric acid,1% Isopropyl tiglate,0
102,264,6433451,1.030654637172128,1% Butyric acid,0.01% 2-Butene-1-thiol,0
104,454,460,0.9338233892147929,1% Octanal,1% Guaiacol,0
105,454,650,1.011945515844386,1% Octanal,1% Diacetyl,0
106,454,1049,1.0393423404559463,1% Octanal,1% Pyridine,0
107,454,2879,1.2764380200069745,1% Octanal,1% p-Cresol,0
108,454,4133,0.9271018529467715,1% Octanal,1% Methyl salicylate,0
109,454,6054,0.7928370333599597,1% Octanal,1% 2-Phenylethanol,0
110,454,6387,0.8495943274236806,1% Octanal,1% 2-Methyl-2-propanethiol,0
111,454,6549,1.0334478554315882,1% Octanal,1% Linalool,0
112,454,6654,0.9952551209424776,1% Octanal,1% α-Pinene,0
113,454,7410,0.6181158864772749,1% Octanal,0.01% Acetophenone,0
114,454,7762,0.8859246131523142,1% Octanal,1% Ethyl butyrate,0
115,454,8051,0.9982376793218157,1% Octanal,1% 2-Heptanone,2
116,454,8094,1.0304969553118768,1% Octanal,1% Heptanoic acid,0
117,454,8130,0.6828750885619996,1% Octanal,1% Heptanal,6
118,454,8500,0.7337603226857556,1% Octanal,1% 4-Methylacetophenone,0
119,454,8842,0.9158290781771155,1% Octanal,1% Citronellol,0
120,454,10409,0.8366588269382611,1% Octanal,100mM Cyclopentadecanone,0
121,454,10430,0.8984336712742456,1% Octanal,0.1% Isovaleric acid,0
122,454,10925,0.7115827507419249,1% Octanal,1% 3-Methyl-1-butanethiol,0
123,454,11583,0.5563738734224549,1% Octanal,1% 2-Hexanone,0
124,454,15510,0.8147832259926784,1% Octanal,0.01% Cyclopentanethiol,0
125,454,16666,1.0113459473403832,1% Octanal,1M (-)-Menthol,0
126,454,16724,1.0137059952803211,1% Octanal,1% (+)-Carvone,0
127,454,16867,1.063962955557311,1% Octanal,1% 2M2T,0
128,454,19310,1.0996139849770858,1% Octanal,1% Dimethyl trisulfide,0
129,454,27457,1.0602617451220864,1% Octanal,1% 2-Ethyl-3-methylpyrazine,0
130,454,31244,1.052152622795115,1% Octanal,0.01% Anisaldehyde,0
131,454,31252,1.2207812672689977,1% Octanal,"1% 2,5-Dimethylpyrazine",0
132,454,31276,0.6942282596028361,1% Octanal,1% Isoamyl acetate,2
133,454,32052,0.9904530913844933,1% Octanal,1% β-Damascone,0
134,454,61653,0.7443985397269282,1% Octanal,1% nTMT,0
135,454,80080,0.7799238838606422,1% Octanal,10% (-)-2-Octanol,1
136,454,122370,1.1382688179981213,1% Octanal,100 µM (Methylthio)methanethiol,0
137,454,162148,0.9587701373410835,1% Octanal,0.01% SBT,0
138,454,165675,1.078665651232815,1% Octanal,1M (+)-Menthol,0
139,454,263626,1.1055970251778944,1% Octanal,0.01% TMT,0
140,454,439570,1.0183200208285608,1% Octanal,1% (-)-Carvone,0
141,454,440917,1.2292564057850253,1% Octanal,1% (+)-Limonene,0
142,454,536095,0.8776558546657,1% Octanal,77% DHB,0
143,454,637511,1.1883519712193928,1% Octanal,1% Trans-cinnamaldehyde,0
144,454,637523,0.9529371892543961,1% Octanal,1% Hexyl tiglate,0
145,454,638011,1.0605682686995161,1% Octanal,0.01% Citral,0
146,454,638014,0.917172773647593,1% Octanal,1% β-Ionone,0
147,454,2723888,0.815822537864632,1% Octanal,10% (+)-2-Octanol,3
148,454,5281163,0.8604844456702473,1% Octanal,1% Ethyl tiglate,0
149,454,5281517,1.0781018681860177,1% Octanal,100% (E)-β-farnesene,0
150,454,5319754,1.015828764113768,1% Octanal,1% 2-Methyl-2-pentenal,0
151,454,5367745,0.65723272885618,1% Octanal,1% Isopropyl tiglate,0
152,454,6433451,0.8793885348562298,1% Octanal,0.01% 2-Butene-1-thiol,0
154,460,650,0.8958622476574994,1% Guaiacol,1% Diacetyl,0
155,460,1049,0.9370869594654729,1% Guaiacol,1% Pyridine,0
156,460,2879,1.0115833261386724,1% Guaiacol,1% p-Cresol,0
157,460,4133,0.883279049962373,1% Guaiacol,1% Methyl salicylate,0
158,460,6054,0.9574388837923378,1% Guaiacol,1% 2-Phenylethanol,0
159,460,6387,1.0755077287618973,1% Guaiacol,1% 2-Methyl-2-propanethiol,0
160,460,6549,1.0016638368538753,1% Guaiacol,1% Linalool,0
161,460,6654,1.0058705956706069,1% Guaiacol,1% α-Pinene,0
162,460,7410,0.9539427161330191,1% Guaiacol,0.01% Acetophenone,0
163,460,7762,0.9295186422532505,1% Guaiacol,1% Ethyl butyrate,0
164,460,8051,0.9596449182941714,1% Guaiacol,1% 2-Heptanone,0
165,460,8094,1.014079405806839,1% Guaiacol,1% Heptanoic acid,0
166,460,8130,1.105730059650557,1% Guaiacol,1% Heptanal,0
167,460,8500,1.009667188832743,1% Guaiacol,1% 4-Methylacetophenone,0
168,460,8842,0.8127141631105406,1% Guaiacol,1% Citronellol,0
169,460,10409,1.0561624343159244,1% Guaiacol,100mM Cyclopentadecanone,0
170,460,10430,1.0597963682955451,1% Guaiacol,0.1% Isovaleric acid,0
171,460,10925,1.0277755624040659,1% Guaiacol,1% 3-Methyl-1-butanethiol,0
172,460,11583,0.9403867884219618,1% Guaiacol,1% 2-Hexanone,0
173,460,15510,1.0621286323103576,1% Guaiacol,0.01% Cyclopentanethiol,0
174,460,16666,0.9586419894599285,1% Guaiacol,1M (-)-Menthol,0
175,460,16724,0.9152975679993838,1% Guaiacol,1% (+)-Carvone,0
176,460,16867,0.9050312054864247,1% Guaiacol,1% 2M2T,0
177,460,19310,1.0192256371078117,1% Guaiacol,1% Dimethyl trisulfide,0
178,460,27457,0.9534870877928738,1% Guaiacol,1% 2-Ethyl-3-methylpyrazine,0
179,460,31244,1.0413919232109754,1% Guaiacol,0.01% Anisaldehyde,0
180,460,31252,1.047137533512966,1% Guaiacol,"1% 2,5-Dimethylpyrazine",0
181,460,31276,1.1094172927427652,1% Guaiacol,1% Isoamyl acetate,0
182,460,32052,0.9461362904698771,1% Guaiacol,1% β-Damascone,0
183,460,61653,0.8834860045969691,1% Guaiacol,1% nTMT,1
184,460,80080,1.0262319747879312,1% Guaiacol,10% (-)-2-Octanol,0
185,460,122370,1.0067037948304518,1% Guaiacol,100 µM (Methylthio)methanethiol,0
186,460,162148,1.040433529096954,1% Guaiacol,0.01% SBT,0
187,460,165675,1.0824589010614352,1% Guaiacol,1M (+)-Menthol,0
188,460,263626,0.9605148570139244,1% Guaiacol,0.01% TMT,0
189,460,439570,0.9829822283465779,1% Guaiacol,1% (-)-Carvone,0
190,460,440917,0.9870967389318966,1% Guaiacol,1% (+)-Limonene,0
191,460,536095,1.0445236651585672,1% Guaiacol,77% DHB,0
192,460,637511,1.05463174229853,1% Guaiacol,1% Trans-cinnamaldehyde,0
193,460,637523,1.0253473362412362,1% Guaiacol,1% Hexyl tiglate,0
194,460,638011,0.9496888954351244,1% Guaiacol,0.01% Citral,0
195,460,638014,0.9870797945692912,1% Guaiacol,1% β-Ionone,0
196,460,2723888,1.065970496874076,1% Guaiacol,10% (+)-2-Octanol,0
197,460,5281163,0.9985336585758386,1% Guaiacol,1% Ethyl tiglate,0
198,460,5281517,1.0205031944593523,1% Guaiacol,100% (E)-β-farnesene,0
199,460,5319754,1.042314876707599,1% Guaiacol,1% 2-Methyl-2-pentenal,0
200,460,5367745,0.9487917547744125,1% Guaiacol,1% Isopropyl tiglate,0
201,460,6433451,1.0585775786589264,1% Guaiacol,0.01% 2-Butene-1-thiol,0
203,650,1049,1.019525783930073,1% Diacetyl,1% Pyridine,3
204,650,2879,0.996779813379062,1% Diacetyl,1% p-Cresol,0
205,650,4133,0.9227594491383063,1% Diacetyl,1% Methyl salicylate,0
206,650,6054,0.9660862716410116,1% Diacetyl,1% 2-Phenylethanol,1
207,650,6387,0.6824447005026506,1% Diacetyl,1% 2-Methyl-2-propanethiol,1
208,650,6549,0.8962379134582681,1% Diacetyl,1% Linalool,0
209,650,6654,1.08563114417813,1% Diacetyl,1% α-Pinene,0
210,650,7410,1.102968267468695,1% Diacetyl,0.01% Acetophenone,0
211,650,7762,0.8875198676428118,1% Diacetyl,1% Ethyl butyrate,0
212,650,8051,0.9343398863574899,1% Diacetyl,1% 2-Heptanone,0
213,650,8094,1.0309987170339825,1% Diacetyl,1% Heptanoic acid,0
214,650,8130,0.9892635223267789,1% Diacetyl,1% Heptanal,0
215,650,8500,1.1783197778027752,1% Diacetyl,1% 4-Methylacetophenone,0
216,650,8842,0.8213271110481779,1% Diacetyl,1% Citronellol,2
217,650,10409,0.9619229314872884,1% Diacetyl,100mM Cyclopentadecanone,0
218,650,10430,0.9557649247436897,1% Diacetyl,0.1% Isovaleric acid,1
219,650,10925,0.9319954814786591,1% Diacetyl,1% 3-Methyl-1-butanethiol,0
220,650,11583,1.0045993911439428,1% Diacetyl,1% 2-Hexanone,0
221,650,15510,0.9878986286415252,1% Diacetyl,0.01% Cyclopentanethiol,0
222,650,16666,1.0034904863107545,1% Diacetyl,1M (-)-Menthol,0
223,650,16724,1.0940752916935577,1% Diacetyl,1% (+)-Carvone,0
224,650,16867,1.0083321081853727,1% Diacetyl,1% 2M2T,2
225,650,19310,0.9966578794637699,1% Diacetyl,1% Dimethyl trisulfide,1
226,650,27457,1.0554690459458977,1% Diacetyl,1% 2-Ethyl-3-methylpyrazine,0
227,650,31244,1.0333877608012794,1% Diacetyl,0.01% Anisaldehyde,0
228,650,31252,1.0813362704748222,1% Diacetyl,"1% 2,5-Dimethylpyrazine",0
229,650,31276,1.0135134303536804,1% Diacetyl,1% Isoamyl acetate,0
230,650,32052,1.1024054045841312,1% Diacetyl,1% β-Damascone,0
231,650,61653,0.9869817600271831,1% Diacetyl,1% nTMT,1
232,650,80080,1.016361906222218,1% Diacetyl,10% (-)-2-Octanol,0
233,650,122370,1.0660232120067346,1% Diacetyl,100 µM (Methylthio)methanethiol,0
234,650,162148,1.0184570300763625,1% Diacetyl,0.01% SBT,0
235,650,165675,1.0958048146751835,1% Diacetyl,1M (+)-Menthol,0
236,650,263626,1.081921182926784,1% Diacetyl,0.01% TMT,0
237,650,439570,1.070178467571204,1% Diacetyl,1% (-)-Carvone,0
238,650,440917,0.9967384947520517,1% Diacetyl,1% (+)-Limonene,0
239,650,536095,0.9120807396170673,1% Diacetyl,77% DHB,2
240,650,637511,0.8799032618366016,1% Diacetyl,1% Trans-cinnamaldehyde,0
241,650,637523,0.9971663422521441,1% Diacetyl,1% Hexyl tiglate,0
242,650,638011,0.9873253708041131,1% Diacetyl,0.01% Citral,0
243,650,638014,1.099658278618257,1% Diacetyl,1% β-Ionone,1
244,650,2723888,1.1170261655395055,1% Diacetyl,10% (+)-2-Octanol,0
245,650,5281163,0.9839210153097787,1% Diacetyl,1% Ethyl tiglate,0
246,650,5281517,1.0341047596938977,1% Diacetyl,100% (E)-β-farnesene,0
247,650,5319754,0.9065146636172946,1% Diacetyl,1% 2-Methyl-2-pentenal,1
248,650,5367745,1.0463066076719767,1% Diacetyl,1% Isopropyl tiglate,0
249,650,6433451,1.11276388349048,1% Diacetyl,0.01% 2-Butene-1-thiol,0
251,1049,2879,0.9901448933385038,1% Pyridine,1% p-Cresol,0
252,1049,4133,0.9909796023057391,1% Pyridine,1% Methyl salicylate,0
253,1049,6054,0.917097197712147,1% Pyridine,1% 2-Phenylethanol,3
254,1049,6387,0.9842437194695719,1% Pyridine,1% 2-Methyl-2-propanethiol,4
255,1049,6549,1.132788808189436,1% Pyridine,1% Linalool,0
256,1049,6654,1.1822522767125412,1% Pyridine,1% α-Pinene,0
257,1049,7410,0.9353437385862671,1% Pyridine,0.01% Acetophenone,2
258,1049,7762,1.144170979411414,1% Pyridine,1% Ethyl butyrate,0
259,1049,8051,1.0303451322398702,1% Pyridine,1% 2-Heptanone,0
260,1049,8094,1.0213185934454119,1% Pyridine,1% Heptanoic acid,0
261,1049,8130,1.130417228376143,1% Pyridine,1% Heptanal,0
262,1049,8500,0.9459563532761538,1% Pyridine,1% 4-Methylacetophenone,2
263,1049,8842,1.173798288399988,1% Pyridine,1% Citronellol,0
264,1049,10409,1.0224302314126381,1% Pyridine,100mM Cyclopentadecanone,0
265,1049,10430,1.057641641790881,1% Pyridine,0.1% Isovaleric acid,0
266,1049,10925,0.9424102677065549,1% Pyridine,1% 3-Methyl-1-butanethiol,0
267,1049,11583,1.041687192721338,1% Pyridine,1% 2-Hexanone,0
268,1049,15510,1.128021016958752,1% Pyridine,0.01% Cyclopentanethiol,2
269,1049,16666,1.1104946614336066,1% Pyridine,1M (-)-Menthol,0
270,1049,16724,1.0307538874569804,1% Pyridine,1% (+)-Carvone,0
271,1049,16867,0.8317861209727646,1% Pyridine,1% 2M2T,10
272,1049,19310,0.887322558614039,1% Pyridine,1% Dimethyl trisulfide,3
273,1049,27457,1.0098091953634196,1% Pyridine,1% 2-Ethyl-3-methylpyrazine,0
274,1049,31244,0.8980178030067001,1% Pyridine,0.01% Anisaldehyde,1
275,1049,31252,1.0016091822007493,1% Pyridine,"1% 2,5-Dimethylpyrazine",1
276,1049,31276,1.1196766190250858,1% Pyridine,1% Isoamyl acetate,1
277,1049,32052,1.0949472649993557,1% Pyridine,1% β-Damascone,0
278,1049,61653,0.9184479065722981,1% Pyridine,1% nTMT,3
279,1049,80080,1.1145416191562476,1% Pyridine,10% (-)-2-Octanol,0
280,1049,122370,1.0205364830591597,1% Pyridine,100 µM (Methylthio)methanethiol,0
281,1049,162148,1.0387744223783877,1% Pyridine,0.01% SBT,2
282,1049,165675,1.2094904463065796,1% Pyridine,1M (+)-Menthol,1
283,1049,263626,0.8836016978371997,1% Pyridine,0.01% TMT,1
284,1049,439570,0.9131285035209107,1% Pyridine,1% (-)-Carvone,0
285,1049,440917,1.0309003428230328,1% Pyridine,1% (+)-Limonene,0
286,1049,536095,0.9810138653796678,1% Pyridine,77% DHB,0
287,1049,637511,1.0200465987615563,1% Pyridine,1% Trans-cinnamaldehyde,0
288,1049,637523,1.019567808190634,1% Pyridine,1% Hexyl tiglate,0
289,1049,638011,1.0639801020787616,1% Pyridine,0.01% Citral,0
290,1049,638014,1.0292101840323602,1% Pyridine,1% β-Ionone,1
291,1049,2723888,1.0582319062663998,1% Pyridine,10% (+)-2-Octanol,3
292,1049,5281163,1.1009454315500988,1% Pyridine,1% Ethyl tiglate,0
293,1049,5281517,1.0581242161035243,1% Pyridine,100% (E)-β-farnesene,1
294,1049,5319754,1.0987885853383932,1% Pyridine,1% 2-Methyl-2-pentenal,0
295,1049,5367745,0.9805796113087899,1% Pyridine,1% Isopropyl tiglate,0
296,1049,6433451,0.9277874859373705,1% Pyridine,0.01% 2-Butene-1-thiol,2
298,2879,4133,1.0853000899578598,1% p-Cresol,1% Methyl salicylate,0
299,2879,6054,1.0331486722948535,1% p-Cresol,1% 2-Phenylethanol,1
300,2879,6387,1.0836573344936418,1% p-Cresol,1% 2-Methyl-2-propanethiol,0
301,2879,6549,1.0159346402975435,1% p-Cresol,1% Linalool,1
302,2879,6654,1.008101067193436,1% p-Cresol,1% α-Pinene,0
303,2879,7410,1.239691998770553,1% p-Cresol,0.01% Acetophenone,0
304,2879,7762,1.0424352996160369,1% p-Cresol,1% Ethyl butyrate,0
305,2879,8051,1.0204554598475155,1% p-Cresol,1% 2-Heptanone,0
306,2879,8094,1.0056004555760367,1% p-Cresol,1% Heptanoic acid,0
307,2879,8130,1.0656113993598482,1% p-Cresol,1% Heptanal,0
308,2879,8500,1.2214689137532098,1% p-Cresol,1% 4-Methylacetophenone,1
309,2879,8842,0.9553144777717473,1% p-Cresol,1% Citronellol,0
310,2879,10409,1.181581329774798,1% p-Cresol,100mM Cyclopentadecanone,0
311,2879,10430,1.0562194023323466,1% p-Cresol,0.1% Isovaleric acid,0
312,2879,10925,1.1064052448049089,1% p-Cresol,1% 3-Methyl-1-butanethiol,0
313,2879,11583,1.2140141564710705,1% p-Cresol,1% 2-Hexanone,0
314,2879,15510,1.069534448313457,1% p-Cresol,0.01% Cyclopentanethiol,0
315,2879,16666,1.0868510926800234,1% p-Cresol,1M (-)-Menthol,0
316,2879,16724,1.0271522723869442,1% p-Cresol,1% (+)-Carvone,0
317,2879,16867,0.8733170273272851,1% p-Cresol,1% 2M2T,0
318,2879,19310,0.7627905975839093,1% p-Cresol,1% Dimethyl trisulfide,0
319,2879,27457,0.9099591757029892,1% p-Cresol,1% 2-Ethyl-3-methylpyrazine,0
320,2879,31244,0.9285082076492648,1% p-Cresol,0.01% Anisaldehyde,1
321,2879,31252,0.8823629677451863,1% p-Cresol,"1% 2,5-Dimethylpyrazine",0
322,2879,31276,1.265118059532885,1% p-Cresol,1% Isoamyl acetate,0
323,2879,32052,1.0124450428749063,1% p-Cresol,1% β-Damascone,0
324,2879,61653,1.14704221818255,1% p-Cresol,1% nTMT,0
325,2879,80080,1.171568434424829,1% p-Cresol,10% (-)-2-Octanol,0
326,2879,122370,0.9101170451505931,1% p-Cresol,100 µM (Methylthio)methanethiol,0
327,2879,162148,0.9449248296307833,1% p-Cresol,0.01% SBT,0
328,2879,165675,1.0366076972141691,1% p-Cresol,1M (+)-Menthol,0
329,2879,263626,0.9493353508738868,1% p-Cresol,0.01% TMT,0
330,2879,439570,1.0789028462206367,1% p-Cresol,1% (-)-Carvone,0
331,2879,440917,0.9003780592772334,1% p-Cresol,1% (+)-Limonene,0
332,2879,536095,1.1117618542359637,1% p-Cresol,77% DHB,0
333,2879,637511,0.8735900487969933,1% p-Cresol,1% Trans-cinnamaldehyde,0
334,2879,637523,0.9687503015434105,1% p-Cresol,1% Hexyl tiglate,0
335,2879,638011,0.8854671715419107,1% p-Cresol,0.01% Citral,0
336,2879,638014,1.0387830609374522,1% p-Cresol,1% β-Ionone,0
337,2879,2723888,1.1443570972446195,1% p-Cresol,10% (+)-2-Octanol,0
338,2879,5281163,1.1308907058402715,1% p-Cresol,1% Ethyl tiglate,0
339,2879,5281517,0.8780794259693808,1% p-Cresol,100% (E)-β-farnesene,0
340,2879,5319754,1.0294112225452583,1% p-Cresol,1% 2-Methyl-2-pentenal,0
341,2879,5367745,1.1485873122715944,1% p-Cresol,1% Isopropyl tiglate,0
342,2879,6433451,1.1295846323956467,1% p-Cresol,0.01% 2-Butene-1-thiol,0
344,4133,6054,1.0355055854268291,1% Methyl salicylate,1% 2-Phenylethanol,0
345,4133,6387,0.933094570940061,1% Methyl salicylate,1% 2-Methyl-2-propanethiol,0
346,4133,6549,1.04954295795364,1% Methyl salicylate,1% Linalool,0
347,4133,6654,1.0305182261625758,1% Methyl salicylate,1% α-Pinene,0
348,4133,7410,0.7645038607801841,1% Methyl salicylate,0.01% Acetophenone,0
349,4133,7762,1.0977776004784865,1% Methyl salicylate,1% Ethyl butyrate,0
350,4133,8051,1.1018405805700169,1% Methyl salicylate,1% 2-Heptanone,0
351,4133,8094,1.1082722369333187,1% Methyl salicylate,1% Heptanoic acid,0
352,4133,8130,0.9591176310170846,1% Methyl salicylate,1% Heptanal,0
353,4133,8500,0.8285248309044946,1% Methyl salicylate,1% 4-Methylacetophenone,4
354,4133,8842,0.8304300767105661,1% Methyl salicylate,1% Citronellol,0
355,4133,10409,0.9843979341838281,1% Methyl salicylate,100mM Cyclopentadecanone,0
356,4133,10430,1.049235846839552,1% Methyl salicylate,0.1% Isovaleric acid,0
357,4133,10925,1.0487262479359383,1% Methyl salicylate,1% 3-Methyl-1-butanethiol,0
358,4133,11583,1.0225407623074552,1% Methyl salicylate,1% 2-Hexanone,0
359,4133,15510,1.0080273057057996,1% Methyl salicylate,0.01% Cyclopentanethiol,0
360,4133,16666,0.9509244557688489,1% Methyl salicylate,1M (-)-Menthol,0
361,4133,16724,0.8515945873569484,1% Methyl salicylate,1% (+)-Carvone,1
362,4133,16867,0.9090619330087044,1% Methyl salicylate,1% 2M2T,0
363,4133,19310,0.9914994134984257,1% Methyl salicylate,1% Dimethyl trisulfide,0
364,4133,27457,1.0106154136644878,1% Methyl salicylate,1% 2-Ethyl-3-methylpyrazine,0
365,4133,31244,0.9051244194155288,1% Methyl salicylate,0.01% Anisaldehyde,1
366,4133,31252,0.966178807024732,1% Methyl salicylate,"1% 2,5-Dimethylpyrazine",0
367,4133,31276,0.9308836554719219,1% Methyl salicylate,1% Isoamyl acetate,0
368,4133,32052,1.061736321164378,1% Methyl salicylate,1% β-Damascone,0
369,4133,61653,0.9894054154529212,1% Methyl salicylate,1% nTMT,1
370,4133,80080,1.096231607727662,1% Methyl salicylate,10% (-)-2-Octanol,0
371,4133,122370,0.8733706040580044,1% Methyl salicylate,100 µM (Methylthio)methanethiol,0
372,4133,162148,1.1034480484864224,1% Methyl salicylate,0.01% SBT,0
373,4133,165675,1.0111823629324541,1% Methyl salicylate,1M (+)-Menthol,0
374,4133,263626,0.9359992404202582,1% Methyl salicylate,0.01% TMT,0
375,4133,439570,0.8355075610473595,1% Methyl salicylate,1% (-)-Carvone,1
376,4133,440917,0.903178291771959,1% Methyl salicylate,1% (+)-Limonene,0
377,4133,536095,0.9720734407159367,1% Methyl salicylate,77% DHB,0
378,4133,637511,0.8689029654406951,1% Methyl salicylate,1% Trans-cinnamaldehyde,0
379,4133,637523,0.8168110791764904,1% Methyl salicylate,1% Hexyl tiglate,0
380,4133,638011,1.0472422742251442,1% Methyl salicylate,0.01% Citral,0
381,4133,638014,1.012135168098725,1% Methyl salicylate,1% β-Ionone,0
382,4133,2723888,1.1496934296169707,1% Methyl salicylate,10% (+)-2-Octanol,0
383,4133,5281163,0.9576892276854392,1% Methyl salicylate,1% Ethyl tiglate,0
384,4133,5281517,1.0142045515245517,1% Methyl salicylate,100% (E)-β-farnesene,0
385,4133,5319754,0.8453703265321064,1% Methyl salicylate,1% 2-Methyl-2-pentenal,0
386,4133,5367745,0.9486823892242874,1% Methyl salicylate,1% Isopropyl tiglate,0
387,4133,6433451,0.9491008602621054,1% Methyl salicylate,0.01% 2-Butene-1-thiol,0
389,6054,6387,0.967998123462306,1% 2-Phenylethanol,1% 2-Methyl-2-propanethiol,0
390,6054,6549,0.9314062569634555,1% 2-Phenylethanol,1% Linalool,1
391,6054,6654,1.0070194919528412,1% 2-Phenylethanol,1% α-Pinene,0
392,6054,7410,0.9596989016947803,1% 2-Phenylethanol,0.01% Acetophenone,0
393,6054,7762,0.9690085794377598,1% 2-Phenylethanol,1% Ethyl butyrate,0
394,6054,8051,0.9777718760566593,1% 2-Phenylethanol,1% 2-Heptanone,0
395,6054,8094,1.0086927142591098,1% 2-Phenylethanol,1% Heptanoic acid,0
396,6054,8130,0.8541632834590868,1% 2-Phenylethanol,1% Heptanal,0
397,6054,8500,0.8935755176966148,1% 2-Phenylethanol,1% 4-Methylacetophenone,0
398,6054,8842,1.140415498808387,1% 2-Phenylethanol,1% Citronellol,1
399,6054,10409,1.0363909776069582,1% 2-Phenylethanol,100mM Cyclopentadecanone,0
400,6054,10430,0.8279081670298668,1% 2-Phenylethanol,0.1% Isovaleric acid,0
401,6054,10925,0.8838742630139849,1% 2-Phenylethanol,1% 3-Methyl-1-butanethiol,0
402,6054,11583,0.5405242977950939,1% 2-Phenylethanol,1% 2-Hexanone,0
403,6054,15510,0.9592371271265709,1% 2-Phenylethanol,0.01% Cyclopentanethiol,0
404,6054,16666,1.063148801396574,1% 2-Phenylethanol,1M (-)-Menthol,0
405,6054,16724,1.1150766104814307,1% 2-Phenylethanol,1% (+)-Carvone,0
406,6054,16867,1.1208853796865355,1% 2-Phenylethanol,1% 2M2T,1
407,6054,19310,1.0220740148003853,1% 2-Phenylethanol,1% Dimethyl trisulfide,0
408,6054,27457,0.9453068330609012,1% 2-Phenylethanol,1% 2-Ethyl-3-methylpyrazine,0
409,6054,31244,0.9764607832444616,1% 2-Phenylethanol,0.01% Anisaldehyde,0
410,6054,31252,1.1499050154752002,1% 2-Phenylethanol,"1% 2,5-Dimethylpyrazine",0
411,6054,31276,0.9164816913277398,1% 2-Phenylethanol,1% Isoamyl acetate,0
412,6054,32052,1.019657965031181,1% 2-Phenylethanol,1% β-Damascone,0
413,6054,61653,0.8856482651571072,1% 2-Phenylethanol,1% nTMT,1
414,6054,80080,0.8598388213188187,1% 2-Phenylethanol,10% (-)-2-Octanol,1
415,6054,122370,1.0620445829260963,1% 2-Phenylethanol,100 µM (Methylthio)methanethiol,0
416,6054,162148,1.095632641347643,1% 2-Phenylethanol,0.01% SBT,0
417,6054,165675,1.0642079142385532,1% 2-Phenylethanol,1M (+)-Menthol,0
418,6054,263626,1.0378460347911718,1% 2-Phenylethanol,0.01% TMT,0
419,6054,439570,1.1408252446218377,1% 2-Phenylethanol,1% (-)-Carvone,0
420,6054,440917,0.9989756303866454,1% 2-Phenylethanol,1% (+)-Limonene,0
421,6054,536095,0.9429534103839581,1% 2-Phenylethanol,77% DHB,0
422,6054,637511,1.0937631076689225,1% 2-Phenylethanol,1% Trans-cinnamaldehyde,0
423,6054,637523,0.8245145577296161,1% 2-Phenylethanol,1% Hexyl tiglate,0
424,6054,638011,0.9744070000103695,1% 2-Phenylethanol,0.01% Citral,1
425,6054,638014,1.0056437390583184,1% 2-Phenylethanol,1% β-Ionone,0
426,6054,2723888,0.9265682850785909,1% 2-Phenylethanol,10% (+)-2-Octanol,1
427,6054,5281163,0.9410966202757127,1% 2-Phenylethanol,1% Ethyl tiglate,0
428,6054,5281517,1.0280855557282709,1% 2-Phenylethanol,100% (E)-β-farnesene,1
429,6054,5319754,1.1206188948385343,1% 2-Phenylethanol,1% 2-Methyl-2-pentenal,0
430,6054,5367745,0.8344590195257087,1% 2-Phenylethanol,1% Isopropyl tiglate,0
431,6054,6433451,1.011551759664535,1% 2-Phenylethanol,0.01% 2-Butene-1-thiol,0
433,6387,6549,0.9128640275643549,1% 2-Methyl-2-propanethiol,1% Linalool,0
434,6387,6654,1.1161336074024546,1% 2-Methyl-2-propanethiol,1% α-Pinene,0
435,6387,7410,0.982390251677635,1% 2-Methyl-2-propanethiol,0.01% Acetophenone,0
436,6387,7762,0.86359422951346,1% 2-Methyl-2-propanethiol,1% Ethyl butyrate,1
437,6387,8051,1.0415074662296016,1% 2-Methyl-2-propanethiol,1% 2-Heptanone,0
438,6387,8094,0.9949180383129362,1% 2-Methyl-2-propanethiol,1% Heptanoic acid,0
439,6387,8130,0.8899293626225409,1% 2-Methyl-2-propanethiol,1% Heptanal,0
440,6387,8500,1.0178963608590779,1% 2-Methyl-2-propanethiol,1% 4-Methylacetophenone,0
441,6387,8842,0.7836786508508615,1% 2-Methyl-2-propanethiol,1% Citronellol,1
442,6387,10409,0.6165841377391177,1% 2-Methyl-2-propanethiol,100mM Cyclopentadecanone,0
443,6387,10430,0.9427857388230441,1% 2-Methyl-2-propanethiol,0.1% Isovaleric acid,1
444,6387,10925,0.8236493566356904,1% 2-Methyl-2-propanethiol,1% 3-Methyl-1-butanethiol,0
445,6387,11583,0.9762767131205053,1% 2-Methyl-2-propanethiol,1% 2-Hexanone,0
446,6387,15510,0.5122727227605202,1% 2-Methyl-2-propanethiol,0.01% Cyclopentanethiol,10
447,6387,16666,1.1229566596462641,1% 2-Methyl-2-propanethiol,1M (-)-Menthol,0
448,6387,16724,1.1673052135770936,1% 2-Methyl-2-propanethiol,1% (+)-Carvone,0
449,6387,16867,1.0058794166275047,1% 2-Methyl-2-propanethiol,1% 2M2T,1
450,6387,19310,0.8564338945497377,1% 2-Methyl-2-propanethiol,1% Dimethyl trisulfide,7
451,6387,27457,1.1741128528382008,1% 2-Methyl-2-propanethiol,1% 2-Ethyl-3-methylpyrazine,0
452,6387,31244,1.1592394528870913,1% 2-Methyl-2-propanethiol,0.01% Anisaldehyde,0
453,6387,31252,1.1111319951210208,1% 2-Methyl-2-propanethiol,"1% 2,5-Dimethylpyrazine",0
454,6387,31276,0.8840669757122981,1% 2-Methyl-2-propanethiol,1% Isoamyl acetate,3
455,6387,32052,1.1298200311652942,1% 2-Methyl-2-propanethiol,1% β-Damascone,1
456,6387,61653,0.9951283431777995,1% 2-Methyl-2-propanethiol,1% nTMT,0
457,6387,80080,1.0325600115050233,1% 2-Methyl-2-propanethiol,10% (-)-2-Octanol,0
458,6387,122370,0.8598712553211376,1% 2-Methyl-2-propanethiol,100 µM (Methylthio)methanethiol,4
459,6387,162148,1.0954005267356755,1% 2-Methyl-2-propanethiol,0.01% SBT,0
460,6387,165675,1.19344090443036,1% 2-Methyl-2-propanethiol,1M (+)-Menthol,0
461,6387,263626,1.0421857199836986,1% 2-Methyl-2-propanethiol,0.01% TMT,3
462,6387,439570,1.0984317391145944,1% 2-Methyl-2-propanethiol,1% (-)-Carvone,0
463,6387,440917,1.018083415456461,1% 2-Methyl-2-propanethiol,1% (+)-Limonene,0
464,6387,536095,0.8593546112969311,1% 2-Methyl-2-propanethiol,77% DHB,1
465,6387,637511,0.9171610604811906,1% 2-Methyl-2-propanethiol,1% Trans-cinnamaldehyde,0
466,6387,637523,0.920596751265925,1% 2-Methyl-2-propanethiol,1% Hexyl tiglate,0
467,6387,638011,1.0685331195405008,1% 2-Methyl-2-propanethiol,0.01% Citral,0
468,6387,638014,1.0633478565636278,1% 2-Methyl-2-propanethiol,1% β-Ionone,1
469,6387,2723888,1.061925595127626,1% 2-Methyl-2-propanethiol,10% (+)-2-Octanol,0
470,6387,5281163,0.8815927988934269,1% 2-Methyl-2-propanethiol,1% Ethyl tiglate,0
471,6387,5281517,0.9906471629012377,1% 2-Methyl-2-propanethiol,100% (E)-β-farnesene,0
472,6387,5319754,0.8253807647114529,1% 2-Methyl-2-propanethiol,1% 2-Methyl-2-pentenal,1
473,6387,5367745,0.8983022095775578,1% 2-Methyl-2-propanethiol,1% Isopropyl tiglate,0
474,6387,6433451,0.6994350968571632,1% 2-Methyl-2-propanethiol,0.01% 2-Butene-1-thiol,6
476,6549,6654,1.0056400039582745,1% Linalool,1% α-Pinene,0
477,6549,7410,1.1942281724732444,1% Linalool,0.01% Acetophenone,0
478,6549,7762,0.6804731671941704,1% Linalool,1% Ethyl butyrate,0
479,6549,8051,0.7955267066603524,1% Linalool,1% 2-Heptanone,0
480,6549,8094,0.8235240324257438,1% Linalool,1% Heptanoic acid,0
481,6549,8130,0.7892945538258649,1% Linalool,1% Heptanal,0
482,6549,8500,1.022679657224782,1% Linalool,1% 4-Methylacetophenone,2
483,6549,8842,0.9180181294040903,1% Linalool,1% Citronellol,1
484,6549,10409,0.9485148406177498,1% Linalool,100mM Cyclopentadecanone,0
485,6549,10430,0.982595175392255,1% Linalool,0.1% Isovaleric acid,0
486,6549,10925,0.8864480550292375,1% Linalool,1% 3-Methyl-1-butanethiol,0
487,6549,11583,0.9281367284622922,1% Linalool,1% 2-Hexanone,0
488,6549,15510,0.9061542001202809,1% Linalool,0.01% Cyclopentanethiol,0
489,6549,16666,1.0450604909911148,1% Linalool,1M (-)-Menthol,0
490,6549,16724,1.1227249270038713,1% Linalool,1% (+)-Carvone,0
491,6549,16867,1.0545017835378956,1% Linalool,1% 2M2T,0
492,6549,19310,0.9351393467834122,1% Linalool,1% Dimethyl trisulfide,0
493,6549,27457,0.9779142313014744,1% Linalool,1% 2-Ethyl-3-methylpyrazine,0
494,6549,31244,1.1675905329615412,1% Linalool,0.01% Anisaldehyde,0
495,6549,31252,1.0261292860683748,1% Linalool,"1% 2,5-Dimethylpyrazine",0
496,6549,31276,0.9848943094860455,1% Linalool,1% Isoamyl acetate,0
497,6549,32052,1.0213347382688387,1% Linalool,1% β-Damascone,0
498,6549,61653,1.0462483003343317,1% Linalool,1% nTMT,0
499,6549,80080,0.8334614890609245,1% Linalool,10% (-)-2-Octanol,3
500,6549,122370,0.9099030478449803,1% Linalool,100 µM (Methylthio)methanethiol,0
501,6549,162148,0.9947040752373406,1% Linalool,0.01% SBT,0
502,6549,165675,0.9707808085766948,1% Linalool,1M (+)-Menthol,0
503,6549,263626,1.0861451954370758,1% Linalool,0.01% TMT,0
504,6549,439570,1.0822224972909593,1% Linalool,1% (-)-Carvone,0
505,6549,440917,0.9912704873882195,1% Linalool,1% (+)-Limonene,0
506,6549,536095,0.8859522408839469,1% Linalool,77% DHB,0
507,6549,637511,1.0396803148168352,1% Linalool,1% Trans-cinnamaldehyde,0
508,6549,637523,0.9267359859037437,1% Linalool,1% Hexyl tiglate,0
509,6549,638011,0.9307240126477458,1% Linalool,0.01% Citral,2
510,6549,638014,1.040838998504725,1% Linalool,1% β-Ionone,0
511,6549,2723888,0.8489738962485407,1% Linalool,10% (+)-2-Octanol,4
512,6549,5281163,0.8606029364582988,1% Linalool,1% Ethyl tiglate,0
513,6549,5281517,0.8858223453264755,1% Linalool,100% (E)-β-farnesene,0
514,6549,5319754,0.8989542949614115,1% Linalool,1% 2-Methyl-2-pentenal,0
515,6549,5367745,0.946494542218443,1% Linalool,1% Isopropyl tiglate,0
516,6549,6433451,1.0304177489105737,1% Linalool,0.01% 2-Butene-1-thiol,0
518,6654,7410,0.9925099591452712,1% α-Pinene,0.01% Acetophenone,0
519,6654,7762,0.950492920070838,1% α-Pinene,1% Ethyl butyrate,0
520,6654,8051,1.0342982918164743,1% α-Pinene,1% 2-Heptanone,0
521,6654,8094,0.9745263034525703,1% α-Pinene,1% Heptanoic acid,0
522,6654,8130,1.1306889667337503,1% α-Pinene,1% Heptanal,0
523,6654,8500,0.9541030288461726,1% α-Pinene,1% 4-Methylacetophenone,0
524,6654,8842,0.9043499035751688,1% α-Pinene,1% Citronellol,0
525,6654,10409,1.0126474719344554,1% α-Pinene,100mM Cyclopentadecanone,0
526,6654,10430,1.0010239113933197,1% α-Pinene,0.1% Isovaleric acid,0
527,6654,10925,1.022156434714716,1% α-Pinene,1% 3-Methyl-1-butanethiol,0
528,6654,11583,1.02267348126558,1% α-Pinene,1% 2-Hexanone,0
529,6654,15510,0.974778370991499,1% α-Pinene,0.01% Cyclopentanethiol,0
530,6654,16666,0.8486586168102954,1% α-Pinene,1M (-)-Menthol,0
531,6654,16724,0.8386516791411173,1% α-Pinene,1% (+)-Carvone,0
532,6654,16867,1.0049046839301454,1% α-Pinene,1% 2M2T,0
533,6654,19310,0.98293462503856,1% α-Pinene,1% Dimethyl trisulfide,0
534,6654,27457,1.0631703750463173,1% α-Pinene,1% 2-Ethyl-3-methylpyrazine,0
535,6654,31244,0.9783417765183419,1% α-Pinene,0.01% Anisaldehyde,0
536,6654,31252,1.0001697454606167,1% α-Pinene,"1% 2,5-Dimethylpyrazine",1
537,6654,31276,0.8884971473649503,1% α-Pinene,1% Isoamyl acetate,0
538,6654,32052,0.5945507678571971,1% α-Pinene,1% β-Damascone,0
539,6654,61653,1.0830748671365378,1% α-Pinene,1% nTMT,0
540,6654,80080,1.1103591328614575,1% α-Pinene,10% (-)-2-Octanol,0
541,6654,122370,0.9786090290303532,1% α-Pinene,100 µM (Methylthio)methanethiol,0
542,6654,162148,0.6227000100114801,1% α-Pinene,0.01% SBT,0
543,6654,165675,0.9010386441172772,1% α-Pinene,1M (+)-Menthol,0
544,6654,263626,0.7788971126566628,1% α-Pinene,0.01% TMT,0
545,6654,439570,0.8218962078179759,1% α-Pinene,1% (-)-Carvone,0
546,6654,440917,1.0404024027086394,1% α-Pinene,1% (+)-Limonene,0
547,6654,536095,1.1092393476604725,1% α-Pinene,77% DHB,0
548,6654,637511,0.9787234267081152,1% α-Pinene,1% Trans-cinnamaldehyde,0
549,6654,637523,1.1225659608596317,1% α-Pinene,1% Hexyl tiglate,0
550,6654,638011,1.0409934329264325,1% α-Pinene,0.01% Citral,0
551,6654,638014,0.9331600635164004,1% α-Pinene,1% β-Ionone,0
552,6654,2723888,1.0596258420666218,1% α-Pinene,10% (+)-2-Octanol,0
553,6654,5281163,1.0608349820479361,1% α-Pinene,1% Ethyl tiglate,0
554,6654,5281517,1.0144247996573215,1% α-Pinene,100% (E)-β-farnesene,0
555,6654,5319754,1.1108941824986311,1% α-Pinene,1% 2-Methyl-2-pentenal,0
556,6654,5367745,1.009870874828166,1% α-Pinene,1% Isopropyl tiglate,0
557,6654,6433451,1.0219718388567403,1% α-Pinene,0.01% 2-Butene-1-thiol,0
559,7410,7762,0.9735970858300321,0.01% Acetophenone,1% Ethyl butyrate,0
560,7410,8051,1.1452539102028787,0.01% Acetophenone,1% 2-Heptanone,0
561,7410,8094,1.028243074199128,0.01% Acetophenone,1% Heptanoic acid,0
562,7410,8130,0.9734530990471679,0.01% Acetophenone,1% Heptanal,0
563,7410,8500,0.58098256188166,0.01% Acetophenone,1% 4-Methylacetophenone,3
564,7410,8842,0.9860915645291868,0.01% Acetophenone,1% Citronellol,0
565,7410,10409,0.8239601193484153,0.01% Acetophenone,100mM Cyclopentadecanone,0
566,7410,10430,0.8988851567662883,0.01% Acetophenone,0.1% Isovaleric acid,0
567,7410,10925,0.8346076966920168,0.01% Acetophenone,1% 3-Methyl-1-butanethiol,0
568,7410,11583,0.6536691721726138,0.01% Acetophenone,1% 2-Hexanone,0
569,7410,15510,0.949342707460482,0.01% Acetophenone,0.01% Cyclopentanethiol,0
570,7410,16666,0.8615755477452405,0.01% Acetophenone,1M (-)-Menthol,1
571,7410,16724,0.8359919707320548,0.01% Acetophenone,1% (+)-Carvone,1
572,7410,16867,0.9785298177973757,0.01% Acetophenone,1% 2M2T,0
573,7410,19310,0.9824980504404408,0.01% Acetophenone,1% Dimethyl trisulfide,1
574,7410,27457,0.9594237502892716,0.01% Acetophenone,1% 2-Ethyl-3-methylpyrazine,0
575,7410,31244,0.8493673515360907,0.01% Acetophenone,0.01% Anisaldehyde,2
576,7410,31252,1.104546052530692,0.01% Acetophenone,"1% 2,5-Dimethylpyrazine",0
577,7410,31276,0.7993278864522794,0.01% Acetophenone,1% Isoamyl acetate,0
578,7410,32052,0.9614022210348827,0.01% Acetophenone,1% β-Damascone,0
579,7410,61653,0.5598745262231707,0.01% Acetophenone,1% nTMT,1
580,7410,80080,1.081860930694487,0.01% Acetophenone,10% (-)-2-Octanol,0
581,7410,122370,1.1469951077858043,0.01% Acetophenone,100 µM (Methylthio)methanethiol,0
582,7410,162148,0.9530437207911711,0.01% Acetophenone,0.01% SBT,0
583,7410,165675,0.9982996008454603,0.01% Acetophenone,1M (+)-Menthol,0
584,7410,263626,0.8591439275757877,0.01% Acetophenone,0.01% TMT,0
585,7410,439570,0.868818316174581,0.01% Acetophenone,1% (-)-Carvone,1
586,7410,440917,1.1208325387463232,0.01% Acetophenone,1% (+)-Limonene,0
587,7410,536095,0.9499296246377683,0.01% Acetophenone,77% DHB,0
588,7410,637511,1.0088776639971588,0.01% Acetophenone,1% Trans-cinnamaldehyde,0
589,7410,637523,1.0207880045310695,0.01% Acetophenone,1% Hexyl tiglate,0
590,7410,638011,1.0775720135795266,0.01% Acetophenone,0.01% Citral,0
591,7410,638014,0.8885119733812522,0.01% Acetophenone,1% β-Ionone,0
592,7410,2723888,1.028542257518546,0.01% Acetophenone,10% (+)-2-Octanol,0
593,7410,5281163,0.8382091844386602,0.01% Acetophenone,1% Ethyl tiglate,0
594,7410,5281517,1.0207645870591466,0.01% Acetophenone,100% (E)-β-farnesene,1
595,7410,5319754,1.0192102981254885,0.01% Acetophenone,1% 2-Methyl-2-pentenal,0
596,7410,5367745,0.7271406554764663,0.01% Acetophenone,1% Isopropyl tiglate,0
597,7410,6433451,0.9195657702539729,0.01% Acetophenone,0.01% 2-Butene-1-thiol,0
599,7762,8051,0.8268448615599471,1% Ethyl butyrate,1% 2-Heptanone,0
600,7762,8094,0.851918639442924,1% Ethyl butyrate,1% Heptanoic acid,0
601,7762,8130,0.9319568314173974,1% Ethyl butyrate,1% Heptanal,0
602,7762,8500,1.028411683448726,1% Ethyl butyrate,1% 4-Methylacetophenone,0
603,7762,8842,0.9250726646325559,1% Ethyl butyrate,1% Citronellol,0
604,7762,10409,0.9973657966356386,1% Ethyl butyrate,100mM Cyclopentadecanone,0
605,7762,10430,1.0426299400674492,1% Ethyl butyrate,0.1% Isovaleric acid,0
606,7762,10925,0.9137380807607696,1% Ethyl butyrate,1% 3-Methyl-1-butanethiol,0
607,7762,11583,0.9045347927121726,1% Ethyl butyrate,1% 2-Hexanone,0
608,7762,15510,0.8921914778436603,1% Ethyl butyrate,0.01% Cyclopentanethiol,0
609,7762,16666,1.0471113352891528,1% Ethyl butyrate,1M (-)-Menthol,0
610,7762,16724,1.0801165929446335,1% Ethyl butyrate,1% (+)-Carvone,0
611,7762,16867,1.1062663492234666,1% Ethyl butyrate,1% 2M2T,0
612,7762,19310,0.951169303634354,1% Ethyl butyrate,1% Dimethyl trisulfide,2
613,7762,27457,0.9102795017949465,1% Ethyl butyrate,1% 2-Ethyl-3-methylpyrazine,0
614,7762,31244,1.0815454383739107,1% Ethyl butyrate,0.01% Anisaldehyde,2
615,7762,31252,1.043618723949404,1% Ethyl butyrate,"1% 2,5-Dimethylpyrazine",0
616,7762,31276,0.8958547207078361,1% Ethyl butyrate,1% Isoamyl acetate,2
617,7762,32052,0.9588921937756858,1% Ethyl butyrate,1% β-Damascone,1
618,7762,61653,1.0287888267639387,1% Ethyl butyrate,1% nTMT,0
619,7762,80080,0.9401756199147231,1% Ethyl butyrate,10% (-)-2-Octanol,0
620,7762,122370,1.0384072579325068,1% Ethyl butyrate,100 µM (Methylthio)methanethiol,0
621,7762,162148,0.9967197993579862,1% Ethyl butyrate,0.01% SBT,0
622,7762,165675,1.0184713068843863,1% Ethyl butyrate,1M (+)-Menthol,0
623,7762,263626,1.0958326534602367,1% Ethyl butyrate,0.01% TMT,0
624,7762,439570,1.1144658316712077,1% Ethyl butyrate,1% (-)-Carvone,0
625,7762,440917,1.086795571103234,1% Ethyl butyrate,1% (+)-Limonene,0
626,7762,536095,0.9532572309534822,1% Ethyl butyrate,77% DHB,0
627,7762,637511,1.0525793927087934,1% Ethyl butyrate,1% Trans-cinnamaldehyde,0
628,7762,637523,0.8461644167188447,1% Ethyl butyrate,1% Hexyl tiglate,0
629,7762,638011,1.1086272957762893,1% Ethyl butyrate,0.01% Citral,0
630,7762,638014,0.9927669963236967,1% Ethyl butyrate,1% β-Ionone,0
631,7762,2723888,0.8835783345509242,1% Ethyl butyrate,10% (+)-2-Octanol,3
632,7762,5281163,0.669026360417126,1% Ethyl butyrate,1% Ethyl tiglate,2
633,7762,5281517,0.9551683199895857,1% Ethyl butyrate,100% (E)-β-farnesene,2
634,7762,5319754,0.9185643862546707,1% Ethyl butyrate,1% 2-Methyl-2-pentenal,0
635,7762,5367745,0.8043440270404144,1% Ethyl butyrate,1% Isopropyl tiglate,0
636,7762,6433451,1.092798917516577,1% Ethyl butyrate,0.01% 2-Butene-1-thiol,0
638,8051,8094,0.8936269083160989,1% 2-Heptanone,1% Heptanoic acid,0
639,8051,8130,0.9953122576893659,1% 2-Heptanone,1% Heptanal,1
640,8051,8500,0.9828925292289316,1% 2-Heptanone,1% 4-Methylacetophenone,0
641,8051,8842,1.084444922954011,1% 2-Heptanone,1% Citronellol,0
642,8051,10409,1.1069886327863667,1% 2-Heptanone,100mM Cyclopentadecanone,0
643,8051,10430,1.0556217361637728,1% 2-Heptanone,0.1% Isovaleric acid,0
644,8051,10925,1.0161899946495967,1% 2-Heptanone,1% 3-Methyl-1-butanethiol,0
645,8051,11583,0.8750204469351225,1% 2-Heptanone,1% 2-Hexanone,3
646,8051,15510,1.0739301150123233,1% 2-Heptanone,0.01% Cyclopentanethiol,0
647,8051,16666,0.9722565469534729,1% 2-Heptanone,1M (-)-Menthol,0
648,8051,16724,1.0232382199634793,1% 2-Heptanone,1% (+)-Carvone,0
649,8051,16867,0.9822940613743733,1% 2-Heptanone,1% 2M2T,0
650,8051,19310,1.033749236544319,1% 2-Heptanone,1% Dimethyl trisulfide,0
651,8051,27457,0.9456323460910002,1% 2-Heptanone,1% 2-Ethyl-3-methylpyrazine,0
652,8051,31244,0.9912786350920104,1% 2-Heptanone,0.01% Anisaldehyde,0
653,8051,31252,1.0132034339763873,1% 2-Heptanone,"1% 2,5-Dimethylpyrazine",0
654,8051,31276,0.9132425081682413,1% 2-Heptanone,1% Isoamyl acetate,3
655,8051,32052,1.0262548465306083,1% 2-Heptanone,1% β-Damascone,0
656,8051,61653,0.9593317802045154,1% 2-Heptanone,1% nTMT,0
657,8051,80080,0.7918688483052078,1% 2-Heptanone,10% (-)-2-Octanol,1
658,8051,122370,1.01696731014095,1% 2-Heptanone,100 µM (Methylthio)methanethiol,0
659,8051,162148,0.9500203816872317,1% 2-Heptanone,0.01% SBT,0
660,8051,165675,0.974893332987128,1% 2-Heptanone,1M (+)-Menthol,0
661,8051,263626,0.9736322444921074,1% 2-Heptanone,0.01% TMT,0
662,8051,439570,0.972477755230712,1% 2-Heptanone,1% (-)-Carvone,0
663,8051,440917,0.8549626396665647,1% 2-Heptanone,1% (+)-Limonene,0
664,8051,536095,1.014913006415093,1% 2-Heptanone,77% DHB,0
665,8051,637511,1.0275824790525694,1% 2-Heptanone,1% Trans-cinnamaldehyde,0
666,8051,637523,1.0255001782071025,1% 2-Heptanone,1% Hexyl tiglate,0
667,8051,638011,0.9601017252845283,1% 2-Heptanone,0.01% Citral,0
668,8051,638014,1.1238579150877728,1% 2-Heptanone,1% β-Ionone,0
669,8051,2723888,0.7554342236755969,1% 2-Heptanone,10% (+)-2-Octanol,5
670,8051,5281163,1.066664341347451,1% 2-Heptanone,1% Ethyl tiglate,0
671,8051,5281517,1.068291343416869,1% 2-Heptanone,100% (E)-β-farnesene,2
672,8051,5319754,1.10724157417793,1% 2-Heptanone,1% 2-Methyl-2-pentenal,0
673,8051,5367745,1.0192689414155862,1% 2-Heptanone,1% Isopropyl tiglate,0
674,8051,6433451,1.0590412330596504,1% 2-Heptanone,0.01% 2-Butene-1-thiol,0
676,8094,8130,0.9608671347520784,1% Heptanoic acid,1% Heptanal,1
677,8094,8500,0.9210209139131416,1% Heptanoic acid,1% 4-Methylacetophenone,0
678,8094,8842,1.0496763937291995,1% Heptanoic acid,1% Citronellol,0
679,8094,10409,0.9969149026209363,1% Heptanoic acid,100mM Cyclopentadecanone,0
680,8094,10430,0.9455601655283897,1% Heptanoic acid,0.1% Isovaleric acid,0
681,8094,10925,0.9620586643592137,1% Heptanoic acid,1% 3-Methyl-1-butanethiol,0
682,8094,11583,0.9726018017825129,1% Heptanoic acid,1% 2-Hexanone,0
683,8094,15510,1.0792811265713036,1% Heptanoic acid,0.01% Cyclopentanethiol,0
684,8094,16666,0.9616515671286056,1% Heptanoic acid,1M (-)-Menthol,0
685,8094,16724,0.8803681562746866,1% Heptanoic acid,1% (+)-Carvone,0
686,8094,16867,0.9711966457842744,1% Heptanoic acid,1% 2M2T,0
687,8094,19310,0.8906021109426283,1% Heptanoic acid,1% Dimethyl trisulfide,0
688,8094,27457,0.9228173553181527,1% Heptanoic acid,1% 2-Ethyl-3-methylpyrazine,0
689,8094,31244,0.9542448147800404,1% Heptanoic acid,0.01% Anisaldehyde,0
690,8094,31252,0.9429673139617654,1% Heptanoic acid,"1% 2,5-Dimethylpyrazine",0
691,8094,31276,1.015998456620166,1% Heptanoic acid,1% Isoamyl acetate,0
692,8094,32052,1.021869177458311,1% Heptanoic acid,1% β-Damascone,0
693,8094,61653,0.8790302375678658,1% Heptanoic acid,1% nTMT,0
694,8094,80080,0.9314865469727752,1% Heptanoic acid,10% (-)-2-Octanol,0
695,8094,122370,0.8795335936418963,1% Heptanoic acid,100 µM (Methylthio)methanethiol,0
696,8094,162148,0.9375132744666722,1% Heptanoic acid,0.01% SBT,0
697,8094,165675,0.902026138778262,1% Heptanoic acid,1M (+)-Menthol,0
698,8094,263626,0.9501114349462144,1% Heptanoic acid,0.01% TMT,0
699,8094,439570,0.9019843905039536,1% Heptanoic acid,1% (-)-Carvone,0
700,8094,440917,0.9494299266459616,1% Heptanoic acid,1% (+)-Limonene,0
701,8094,536095,0.9695740883092177,1% Heptanoic acid,77% DHB,0
702,8094,637511,1.0227441054142192,1% Heptanoic acid,1% Trans-cinnamaldehyde,0
703,8094,637523,1.026022524556814,1% Heptanoic acid,1% Hexyl tiglate,0
704,8094,638011,0.961279730109536,1% Heptanoic acid,0.01% Citral,0
705,8094,638014,0.9927665783314121,1% Heptanoic acid,1% β-Ionone,0
706,8094,2723888,0.8862171922563943,1% Heptanoic acid,10% (+)-2-Octanol,0
707,8094,5281163,0.6407085580537748,1% Heptanoic acid,1% Ethyl tiglate,0
708,8094,5281517,0.9351283221661522,1% Heptanoic acid,100% (E)-β-farnesene,0
709,8094,5319754,1.0896463676342403,1% Heptanoic acid,1% 2-Methyl-2-pentenal,0
710,8094,5367745,1.0063371670109906,1% Heptanoic acid,1% Isopropyl tiglate,0
711,8094,6433451,1.0629737449427203,1% Heptanoic acid,0.01% 2-Butene-1-thiol,0
713,8130,8500,0.8573437298150003,1% Heptanal,1% 4-Methylacetophenone,0
714,8130,8842,0.9131445570747363,1% Heptanal,1% Citronellol,0
715,8130,10409,0.8581898820597856,1% Heptanal,100mM Cyclopentadecanone,0
716,8130,10430,0.935307253879513,1% Heptanal,0.1% Isovaleric acid,0
717,8130,10925,0.7938776121590363,1% Heptanal,1% 3-Methyl-1-butanethiol,0
718,8130,11583,0.8004940792104862,1% Heptanal,1% 2-Hexanone,1
719,8130,15510,0.8686823552134075,1% Heptanal,0.01% Cyclopentanethiol,1
720,8130,16666,1.1593778670794133,1% Heptanal,1M (-)-Menthol,0
721,8130,16724,1.1212145887516538,1% Heptanal,1% (+)-Carvone,0
722,8130,16867,1.065877210448535,1% Heptanal,1% 2M2T,0
723,8130,19310,1.0575895121169883,1% Heptanal,1% Dimethyl trisulfide,0
724,8130,27457,1.0527257327175903,1% Heptanal,1% 2-Ethyl-3-methylpyrazine,0
725,8130,31244,1.0419123777312231,1% Heptanal,0.01% Anisaldehyde,0
726,8130,31252,1.0680402304386536,1% Heptanal,"1% 2,5-Dimethylpyrazine",0
727,8130,31276,0.8171891095776861,1% Heptanal,1% Isoamyl acetate,3
728,8130,32052,1.1592866053036834,1% Heptanal,1% β-Damascone,0
729,8130,61653,0.9406987700749935,1% Heptanal,1% nTMT,0
730,8130,80080,0.8749448309032589,1% Heptanal,10% (-)-2-Octanol,0
731,8130,122370,0.9892283982357666,1% Heptanal,100 µM (Methylthio)methanethiol,0
732,8130,162148,1.1533771466414648,1% Heptanal,0.01% SBT,0
733,8130,165675,1.0470173634708289,1% Heptanal,1M (+)-Menthol,0
734,8130,263626,1.1690518886778343,1% Heptanal,0.01% TMT,0
735,8130,439570,1.1151318843741242,1% Heptanal,1% (-)-Carvone,0
736,8130,440917,0.9993441094798567,1% Heptanal,1% (+)-Limonene,0
737,8130,536095,0.9124553794039285,1% Heptanal,77% DHB,0
738,8130,637511,1.0981598495602671,1% Heptanal,1% Trans-cinnamaldehyde,0
739,8130,637523,0.8556446274634567,1% Heptanal,1% Hexyl tiglate,0
740,8130,638011,1.0442368624709049,1% Heptanal,0.01% Citral,0
741,8130,638014,0.9767490333198733,1% Heptanal,1% β-Ionone,0
742,8130,2723888,0.9125942120015832,1% Heptanal,10% (+)-2-Octanol,2
743,8130,5281163,0.9037589426236392,1% Heptanal,1% Ethyl tiglate,0
744,8130,5281517,0.9144416944608318,1% Heptanal,100% (E)-β-farnesene,2
745,8130,5319754,0.9103632827673187,1% Heptanal,1% 2-Methyl-2-pentenal,0
746,8130,5367745,0.8431693684569441,1% Heptanal,1% Isopropyl tiglate,0
747,8130,6433451,0.9666730771090074,1% Heptanal,0.01% 2-Butene-1-thiol,0
749,8500,8842,1.1604805973626187,1% 4-Methylacetophenone,1% Citronellol,0
750,8500,10409,0.9983356463386585,1% 4-Methylacetophenone,100mM Cyclopentadecanone,0
751,8500,10430,0.9732171311256126,1% 4-Methylacetophenone,0.1% Isovaleric acid,0
752,8500,10925,0.7311828760221368,1% 4-Methylacetophenone,1% 3-Methyl-1-butanethiol,0
753,8500,11583,0.7291731700133506,1% 4-Methylacetophenone,1% 2-Hexanone,0
754,8500,15510,0.9740619670470168,1% 4-Methylacetophenone,0.01% Cyclopentanethiol,0
755,8500,16666,0.9829346982218707,1% 4-Methylacetophenone,1M (-)-Menthol,3
756,8500,16724,0.7749360254397516,1% 4-Methylacetophenone,1% (+)-Carvone,4
757,8500,16867,1.2111968769963577,1% 4-Methylacetophenone,1% 2M2T,0
758,8500,19310,1.1211175757525143,1% 4-Methylacetophenone,1% Dimethyl trisulfide,1
759,8500,27457,1.0552529478227017,1% 4-Methylacetophenone,1% 2-Ethyl-3-methylpyrazine,0
760,8500,31244,0.6817422082914247,1% 4-Methylacetophenone,0.01% Anisaldehyde,8
761,8500,31252,1.2413949784309524,1% 4-Methylacetophenone,"1% 2,5-Dimethylpyrazine",2
762,8500,31276,0.8426171513298043,1% 4-Methylacetophenone,1% Isoamyl acetate,0
763,8500,32052,1.0877176597706995,1% 4-Methylacetophenone,1% β-Damascone,0
764,8500,61653,0.7565989770469257,1% 4-Methylacetophenone,1% nTMT,3
765,8500,80080,0.8968506858670159,1% 4-Methylacetophenone,10% (-)-2-Octanol,0
766,8500,122370,1.180885764020708,1% 4-Methylacetophenone,100 µM (Methylthio)methanethiol,0
767,8500,162148,1.0122537215380543,1% 4-Methylacetophenone,0.01% SBT,0
768,8500,165675,1.0489382358450874,1% 4-Methylacetophenone,1M (+)-Menthol,1
769,8500,263626,1.0042168751913592,1% 4-Methylacetophenone,0.01% TMT,0
770,8500,439570,0.7033325808254653,1% 4-Methylacetophenone,1% (-)-Carvone,2
771,8500,440917,1.0233544240101606,1% 4-Methylacetophenone,1% (+)-Limonene,0
772,8500,536095,1.0329655805554416,1% 4-Methylacetophenone,77% DHB,0
773,8500,637511,1.1274840648989466,1% 4-Methylacetophenone,1% Trans-cinnamaldehyde,0
774,8500,637523,1.0342793717791219,1% 4-Methylacetophenone,1% Hexyl tiglate,0
775,8500,638011,0.95801349654367,1% 4-Methylacetophenone,0.01% Citral,0
776,8500,638014,0.9417295569120898,1% 4-Methylacetophenone,1% β-Ionone,1
777,8500,2723888,0.9158030482859569,1% 4-Methylacetophenone,10% (+)-2-Octanol,2
778,8500,5281163,0.8357629601481916,1% 4-Methylacetophenone,1% Ethyl tiglate,0
779,8500,5281517,1.1063468086392796,1% 4-Methylacetophenone,100% (E)-β-farnesene,1
780,8500,5319754,1.1420502691269907,1% 4-Methylacetophenone,1% 2-Methyl-2-pentenal,0
781,8500,5367745,0.6575529979558348,1% 4-Methylacetophenone,1% Isopropyl tiglate,1
782,8500,6433451,0.9495983005266426,1% 4-Methylacetophenone,0.01% 2-Butene-1-thiol,0
784,8842,10409,0.820692877218137,1% Citronellol,100mM Cyclopentadecanone,0
785,8842,10430,0.9769979514365703,1% Citronellol,0.1% Isovaleric acid,0
786,8842,10925,1.0302438873881583,1% Citronellol,1% 3-Methyl-1-butanethiol,0
787,8842,11583,1.0139080410638501,1% Citronellol,1% 2-Hexanone,0
788,8842,15510,0.7768093515948097,1% Citronellol,0.01% Cyclopentanethiol,1
789,8842,16666,0.99915395380975,1% Citronellol,1M (-)-Menthol,0
790,8842,16724,1.009211451780241,1% Citronellol,1% (+)-Carvone,0
791,8842,16867,0.7529689629692666,1% Citronellol,1% 2M2T,0
792,8842,19310,0.8794950913253883,1% Citronellol,1% Dimethyl trisulfide,1
793,8842,27457,1.029576852352492,1% Citronellol,1% 2-Ethyl-3-methylpyrazine,0
794,8842,31244,1.1830699630749402,1% Citronellol,0.01% Anisaldehyde,0
795,8842,31252,0.9210830510878246,1% Citronellol,"1% 2,5-Dimethylpyrazine",0
796,8842,31276,0.855985799937141,1% Citronellol,1% Isoamyl acetate,0
797,8842,32052,0.9332480389384821,1% Citronellol,1% β-Damascone,0
798,8842,61653,0.9950456709822303,1% Citronellol,1% nTMT,0
799,8842,80080,1.0189001491358238,1% Citronellol,10% (-)-2-Octanol,2
800,8842,122370,0.785455998125777,1% Citronellol,100 µM (Methylthio)methanethiol,0
801,8842,162148,0.9761886712457266,1% Citronellol,0.01% SBT,0
802,8842,165675,1.0409884652899934,1% Citronellol,1M (+)-Menthol,0
803,8842,263626,0.9898215231651405,1% Citronellol,0.01% TMT,0
804,8842,439570,1.0926890004451564,1% Citronellol,1% (-)-Carvone,0
805,8842,440917,0.9451785049814888,1% Citronellol,1% (+)-Limonene,0
806,8842,536095,1.0180273377840268,1% Citronellol,77% DHB,0
807,8842,637511,0.847226196627983,1% Citronellol,1% Trans-cinnamaldehyde,0
808,8842,637523,0.8839439699388345,1% Citronellol,1% Hexyl tiglate,0
809,8842,638011,0.933826804282345,1% Citronellol,0.01% Citral,2
810,8842,638014,1.0562702714541923,1% Citronellol,1% β-Ionone,0
811,8842,2723888,1.0656881436004275,1% Citronellol,10% (+)-2-Octanol,2
812,8842,5281163,0.9244621588983021,1% Citronellol,1% Ethyl tiglate,0
813,8842,5281517,0.8563756574799937,1% Citronellol,100% (E)-β-farnesene,0
814,8842,5319754,0.8069284054215277,1% Citronellol,1% 2-Methyl-2-pentenal,0
815,8842,5367745,0.9511623858011632,1% Citronellol,1% Isopropyl tiglate,0
816,8842,6433451,0.9851753897089696,1% Citronellol,0.01% 2-Butene-1-thiol,0
818,10409,10430,0.9561211513772802,100mM Cyclopentadecanone,0.1% Isovaleric acid,0
819,10409,10925,0.8759648298782367,100mM Cyclopentadecanone,1% 3-Methyl-1-butanethiol,0
820,10409,11583,0.8565695193512013,100mM Cyclopentadecanone,1% 2-Hexanone,0
821,10409,15510,0.6250186905121525,100mM Cyclopentadecanone,0.01% Cyclopentanethiol,0
822,10409,16666,0.8645091355111529,100mM Cyclopentadecanone,1M (-)-Menthol,0
823,10409,16724,1.0001919843509537,100mM Cyclopentadecanone,1% (+)-Carvone,0
824,10409,16867,0.9300922053482729,100mM Cyclopentadecanone,1% 2M2T,0
825,10409,19310,0.8361055848302187,100mM Cyclopentadecanone,1% Dimethyl trisulfide,0
826,10409,27457,1.093732872118874,100mM Cyclopentadecanone,1% 2-Ethyl-3-methylpyrazine,0
827,10409,31244,1.1788790534730522,100mM Cyclopentadecanone,0.01% Anisaldehyde,0
828,10409,31252,1.0921034199572475,100mM Cyclopentadecanone,"1% 2,5-Dimethylpyrazine",0
829,10409,31276,0.8367404395187261,100mM Cyclopentadecanone,1% Isoamyl acetate,0
830,10409,32052,1.007338188822513,100mM Cyclopentadecanone,1% β-Damascone,0
831,10409,61653,0.9784707279458387,100mM Cyclopentadecanone,1% nTMT,0
832,10409,80080,1.01953231741507,100mM Cyclopentadecanone,10% (-)-2-Octanol,0
833,10409,122370,0.9145860413165114,100mM Cyclopentadecanone,100 µM (Methylthio)methanethiol,0
834,10409,162148,1.0848467077050459,100mM Cyclopentadecanone,0.01% SBT,0
835,10409,165675,1.0089822227908378,100mM Cyclopentadecanone,1M (+)-Menthol,0
836,10409,263626,0.9825772105816046,100mM Cyclopentadecanone,0.01% TMT,0
837,10409,439570,1.0289703411776303,100mM Cyclopentadecanone,1% (-)-Carvone,0
838,10409,440917,1.1051680871966183,100mM Cyclopentadecanone,1% (+)-Limonene,0
839,10409,536095,0.9205632269664857,100mM Cyclopentadecanone,77% DHB,0
840,10409,637511,1.0057729239557176,100mM Cyclopentadecanone,1% Trans-cinnamaldehyde,0
841,10409,637523,0.9334244888883134,100mM Cyclopentadecanone,1% Hexyl tiglate,0
842,10409,638011,1.0907248806502177,100mM Cyclopentadecanone,0.01% Citral,0
843,10409,638014,1.1425155088954413,100mM Cyclopentadecanone,1% β-Ionone,0
844,10409,2723888,1.0244366742814903,100mM Cyclopentadecanone,10% (+)-2-Octanol,0
845,10409,5281163,0.9201519874549682,100mM Cyclopentadecanone,1% Ethyl tiglate,0
846,10409,5281517,1.0046951165038656,100mM Cyclopentadecanone,100% (E)-β-farnesene,0
847,10409,5319754,0.9002255276432025,100mM Cyclopentadecanone,1% 2-Methyl-2-pentenal,0
848,10409,5367745,0.8452840662972976,100mM Cyclopentadecanone,1% Isopropyl tiglate,0
849,10409,6433451,0.677008733087239,100mM Cyclopentadecanone,0.01% 2-Butene-1-thiol,0
851,10430,10925,0.8857131403067212,0.1% Isovaleric acid,1% 3-Methyl-1-butanethiol,1
852,10430,11583,0.7847560529807661,0.1% Isovaleric acid,1% 2-Hexanone,1
853,10430,15510,0.9009544318956142,0.1% Isovaleric acid,0.01% Cyclopentanethiol,0
854,10430,16666,1.0399148874216548,0.1% Isovaleric acid,1M (-)-Menthol,0
855,10430,16724,1.0251846015543697,0.1% Isovaleric acid,1% (+)-Carvone,0
856,10430,16867,1.0543924532561453,0.1% Isovaleric acid,1% 2M2T,0
857,10430,19310,1.0290839129067562,0.1% Isovaleric acid,1% Dimethyl trisulfide,0
858,10430,27457,0.9503930211892012,0.1% Isovaleric acid,1% 2-Ethyl-3-methylpyrazine,1
859,10430,31244,1.074856647823165,0.1% Isovaleric acid,0.01% Anisaldehyde,0
860,10430,31252,1.0184867809861822,0.1% Isovaleric acid,"1% 2,5-Dimethylpyrazine",0
861,10430,31276,0.5659665232072313,0.1% Isovaleric acid,1% Isoamyl acetate,0
862,10430,32052,1.0626576750634036,0.1% Isovaleric acid,1% β-Damascone,0
863,10430,61653,0.8784825623392047,0.1% Isovaleric acid,1% nTMT,0
864,10430,80080,0.8725102012938055,0.1% Isovaleric acid,10% (-)-2-Octanol,0
865,10430,122370,1.070345217974769,0.1% Isovaleric acid,100 µM (Methylthio)methanethiol,0
866,10430,162148,0.9899673583908155,0.1% Isovaleric acid,0.01% SBT,0
867,10430,165675,1.1592210875353872,0.1% Isovaleric acid,1M (+)-Menthol,0
868,10430,263626,0.9210584676065364,0.1% Isovaleric acid,0.01% TMT,0
869,10430,439570,1.062814832083206,0.1% Isovaleric acid,1% (-)-Carvone,0
870,10430,440917,0.9782160235590939,0.1% Isovaleric acid,1% (+)-Limonene,0
871,10430,536095,0.8623750315431914,0.1% Isovaleric acid,77% DHB,2
872,10430,637511,0.9958441995551969,0.1% Isovaleric acid,1% Trans-cinnamaldehyde,1
873,10430,637523,0.9694203759907974,0.1% Isovaleric acid,1% Hexyl tiglate,0
874,10430,638011,1.153744391290677,0.1% Isovaleric acid,0.01% Citral,0
875,10430,638014,0.9559951744650823,0.1% Isovaleric acid,1% β-Ionone,1
876,10430,2723888,0.9535608286767693,0.1% Isovaleric acid,10% (+)-2-Octanol,0
877,10430,5281163,0.9424997171695901,0.1% Isovaleric acid,1% Ethyl tiglate,0
878,10430,5281517,1.0174690061512197,0.1% Isovaleric acid,100% (E)-β-farnesene,2
879,10430,5319754,0.9658866458473442,0.1% Isovaleric acid,1% 2-Methyl-2-pentenal,3
880,10430,5367745,1.0676292425583287,0.1% Isovaleric acid,1% Isopropyl tiglate,0
881,10430,6433451,0.9610959594562012,0.1% Isovaleric acid,0.01% 2-Butene-1-thiol,0
883,10925,11583,0.8115279076621567,1% 3-Methyl-1-butanethiol,1% 2-Hexanone,1
884,10925,15510,0.721398425710152,1% 3-Methyl-1-butanethiol,0.01% Cyclopentanethiol,0
885,10925,16666,1.0778566532720746,1% 3-Methyl-1-butanethiol,1M (-)-Menthol,0
886,10925,16724,1.0855784256116796,1% 3-Methyl-1-butanethiol,1% (+)-Carvone,0
887,10925,16867,1.1318757893855513,1% 3-Methyl-1-butanethiol,1% 2M2T,0
888,10925,19310,0.968185665251357,1% 3-Methyl-1-butanethiol,1% Dimethyl trisulfide,0
889,10925,27457,1.1415583945583474,1% 3-Methyl-1-butanethiol,1% 2-Ethyl-3-methylpyrazine,0
890,10925,31244,1.0173748348389955,1% 3-Methyl-1-butanethiol,0.01% Anisaldehyde,0
891,10925,31252,1.1649783332132153,1% 3-Methyl-1-butanethiol,"1% 2,5-Dimethylpyrazine",0
892,10925,31276,0.7998032333387708,1% 3-Methyl-1-butanethiol,1% Isoamyl acetate,0
893,10925,32052,1.069255669953371,1% 3-Methyl-1-butanethiol,1% β-Damascone,0
894,10925,61653,0.8239454055160358,1% 3-Methyl-1-butanethiol,1% nTMT,0
895,10925,80080,0.8512582929824908,1% 3-Methyl-1-butanethiol,10% (-)-2-Octanol,0
896,10925,122370,1.0498529677303357,1% 3-Methyl-1-butanethiol,100 µM (Methylthio)methanethiol,0
897,10925,162148,1.08037156850356,1% 3-Methyl-1-butanethiol,0.01% SBT,0
898,10925,165675,1.1062763730230218,1% 3-Methyl-1-butanethiol,1M (+)-Menthol,0
899,10925,263626,1.127995873270389,1% 3-Methyl-1-butanethiol,0.01% TMT,0
900,10925,439570,1.0968034013736156,1% 3-Methyl-1-butanethiol,1% (-)-Carvone,0
901,10925,440917,1.131946075539066,1% 3-Methyl-1-butanethiol,1% (+)-Limonene,0
902,10925,536095,0.864587427126896,1% 3-Methyl-1-butanethiol,77% DHB,0
903,10925,637511,1.1335010906103267,1% 3-Methyl-1-butanethiol,1% Trans-cinnamaldehyde,0
904,10925,637523,1.0617997000579316,1% 3-Methyl-1-butanethiol,1% Hexyl tiglate,0
905,10925,638011,0.9669001822565638,1% 3-Methyl-1-butanethiol,0.01% Citral,0
906,10925,638014,0.9897013407824209,1% 3-Methyl-1-butanethiol,1% β-Ionone,0
907,10925,2723888,0.9417260514858957,1% 3-Methyl-1-butanethiol,10% (+)-2-Octanol,0
908,10925,5281163,0.8137100306906921,1% 3-Methyl-1-butanethiol,1% Ethyl tiglate,0
909,10925,5281517,1.0150717423530273,1% 3-Methyl-1-butanethiol,100% (E)-β-farnesene,1
910,10925,5319754,0.9095913808766337,1% 3-Methyl-1-butanethiol,1% 2-Methyl-2-pentenal,1
911,10925,5367745,0.8084568474859898,1% 3-Methyl-1-butanethiol,1% Isopropyl tiglate,0
912,10925,6433451,0.7650551822303007,1% 3-Methyl-1-butanethiol,0.01% 2-Butene-1-thiol,0
914,11583,15510,0.9018972542464486,1% 2-Hexanone,0.01% Cyclopentanethiol,0
915,11583,16666,0.8473265511374651,1% 2-Hexanone,1M (-)-Menthol,0
916,11583,16724,1.0412708118987202,1% 2-Hexanone,1% (+)-Carvone,0
917,11583,16867,1.084995042865014,1% 2-Hexanone,1% 2M2T,1
918,11583,19310,0.9735497138801669,1% 2-Hexanone,1% Dimethyl trisulfide,0
919,11583,27457,0.9511257041998185,1% 2-Hexanone,1% 2-Ethyl-3-methylpyrazine,0
920,11583,31244,1.018719122192663,1% 2-Hexanone,0.01% Anisaldehyde,0
921,11583,31252,1.1079756821379627,1% 2-Hexanone,"1% 2,5-Dimethylpyrazine",0
922,11583,31276,0.6552954712091607,1% 2-Hexanone,1% Isoamyl acetate,3
923,11583,32052,0.9982421925906352,1% 2-Hexanone,1% β-Damascone,0
924,11583,61653,0.7438439925882545,1% 2-Hexanone,1% nTMT,1
925,11583,80080,0.7376001509414416,1% 2-Hexanone,10% (-)-2-Octanol,0
926,11583,122370,1.1030451160093557,1% 2-Hexanone,100 µM (Methylthio)methanethiol,0
927,11583,162148,1.004301000042494,1% 2-Hexanone,0.01% SBT,0
928,11583,165675,0.9950269769202792,1% 2-Hexanone,1M (+)-Menthol,0
929,11583,263626,0.9534248679826574,1% 2-Hexanone,0.01% TMT,0
930,11583,439570,1.0546540440249401,1% 2-Hexanone,1% (-)-Carvone,0
931,11583,440917,1.1824059135364071,1% 2-Hexanone,1% (+)-Limonene,0
932,11583,536095,0.8387055777803262,1% 2-Hexanone,77% DHB,0
933,11583,637511,1.1867695563657206,1% 2-Hexanone,1% Trans-cinnamaldehyde,0
934,11583,637523,0.9576908522429061,1% 2-Hexanone,1% Hexyl tiglate,0
935,11583,638011,1.0120967249242339,1% 2-Hexanone,0.01% Citral,0
936,11583,638014,0.9075674928726808,1% 2-Hexanone,1% β-Ionone,0
937,11583,2723888,0.7488696013341638,1% 2-Hexanone,10% (+)-2-Octanol,4
938,11583,5281163,0.8030764499949107,1% 2-Hexanone,1% Ethyl tiglate,0
939,11583,5281517,0.9977649869650573,1% 2-Hexanone,100% (E)-β-farnesene,3
940,11583,5319754,1.050227677376059,1% 2-Hexanone,1% 2-Methyl-2-pentenal,1
941,11583,5367745,0.7238232526034205,1% 2-Hexanone,1% Isopropyl tiglate,0
942,11583,6433451,0.9233402932309804,1% 2-Hexanone,0.01% 2-Butene-1-thiol,0
944,15510,16666,1.0100883259083089,0.01% Cyclopentanethiol,1M (-)-Menthol,0
945,15510,16724,1.21629896093292,0.01% Cyclopentanethiol,1% (+)-Carvone,0
946,15510,16867,0.9643417809794219,0.01% Cyclopentanethiol,1% 2M2T,2
947,15510,19310,0.840669844121184,0.01% Cyclopentanethiol,1% Dimethyl trisulfide,8
948,15510,27457,1.126581217896377,0.01% Cyclopentanethiol,1% 2-Ethyl-3-methylpyrazine,0
949,15510,31244,1.2294774179530148,0.01% Cyclopentanethiol,0.01% Anisaldehyde,0
950,15510,31252,1.0900685193985131,0.01% Cyclopentanethiol,"1% 2,5-Dimethylpyrazine",0
951,15510,31276,0.8698677755452345,0.01% Cyclopentanethiol,1% Isoamyl acetate,0
952,15510,32052,1.0553341847317108,0.01% Cyclopentanethiol,1% β-Damascone,0
953,15510,61653,0.9570084155624466,0.01% Cyclopentanethiol,1% nTMT,0
954,15510,80080,0.9579162893749629,0.01% Cyclopentanethiol,10% (-)-2-Octanol,0
955,15510,122370,0.8869426870567654,0.01% Cyclopentanethiol,100 µM (Methylthio)methanethiol,4
956,15510,162148,1.0724679581218954,0.01% Cyclopentanethiol,0.01% SBT,0
957,15510,165675,1.105506433341971,0.01% Cyclopentanethiol,1M (+)-Menthol,0
958,15510,263626,1.1187911683140142,0.01% Cyclopentanethiol,0.01% TMT,1
959,15510,439570,1.2258986421278015,0.01% Cyclopentanethiol,1% (-)-Carvone,0
960,15510,440917,1.0409901176162462,0.01% Cyclopentanethiol,1% (+)-Limonene,0
961,15510,536095,0.9480078871006882,0.01% Cyclopentanethiol,77% DHB,0
962,15510,637511,1.0603009158011778,0.01% Cyclopentanethiol,1% Trans-cinnamaldehyde,0
963,15510,637523,0.9031578750511304,0.01% Cyclopentanethiol,1% Hexyl tiglate,0
964,15510,638011,1.1330955719274458,0.01% Cyclopentanethiol,0.01% Citral,0
965,15510,638014,1.058429956783745,0.01% Cyclopentanethiol,1% β-Ionone,0
966,15510,2723888,0.9725553967920462,0.01% Cyclopentanethiol,10% (+)-2-Octanol,0
967,15510,5281163,0.8779201902078929,0.01% Cyclopentanethiol,1% Ethyl tiglate,1
968,15510,5281517,1.0021317328374406,0.01% Cyclopentanethiol,100% (E)-β-farnesene,0
969,15510,5319754,0.8739367812939507,0.01% Cyclopentanethiol,1% 2-Methyl-2-pentenal,0
970,15510,5367745,0.8247700373509231,0.01% Cyclopentanethiol,1% Isopropyl tiglate,0
971,15510,6433451,0.4791628819028404,0.01% Cyclopentanethiol,0.01% 2-Butene-1-thiol,8
973,16666,16724,0.8498672531590318,1M (-)-Menthol,1% (+)-Carvone,0
974,16666,16867,0.9033971038856232,1M (-)-Menthol,1% 2M2T,0
975,16666,19310,0.9552676593314682,1M (-)-Menthol,1% Dimethyl trisulfide,1
976,16666,27457,1.0527495568040897,1M (-)-Menthol,1% 2-Ethyl-3-methylpyrazine,1
977,16666,31244,1.0343522469309936,1M (-)-Menthol,0.01% Anisaldehyde,2
978,16666,31252,1.009097213697476,1M (-)-Menthol,"1% 2,5-Dimethylpyrazine",1
979,16666,31276,0.9614807618544953,1M (-)-Menthol,1% Isoamyl acetate,0
980,16666,32052,0.7918156781590631,1M (-)-Menthol,1% β-Damascone,0
981,16666,61653,0.9161877335639177,1M (-)-Menthol,1% nTMT,2
982,16666,80080,0.9992201727148093,1M (-)-Menthol,10% (-)-2-Octanol,1
983,16666,122370,0.9914638406948234,1M (-)-Menthol,100 µM (Methylthio)methanethiol,0
984,16666,162148,0.8758940105877578,1M (-)-Menthol,0.01% SBT,0
985,16666,165675,0.3873231546319982,1M (-)-Menthol,1M (+)-Menthol,8
986,16666,263626,0.899976378820886,1M (-)-Menthol,0.01% TMT,0
987,16666,439570,0.952220739169158,1M (-)-Menthol,1% (-)-Carvone,0
988,16666,440917,1.1737211147359994,1M (-)-Menthol,1% (+)-Limonene,0
989,16666,536095,0.9555420175912929,1M (-)-Menthol,77% DHB,0
990,16666,637511,1.0298260574812679,1M (-)-Menthol,1% Trans-cinnamaldehyde,0
991,16666,637523,1.119771540116948,1M (-)-Menthol,1% Hexyl tiglate,0
992,16666,638011,0.8654732465839119,1M (-)-Menthol,0.01% Citral,1
993,16666,638014,1.0854520296178594,1M (-)-Menthol,1% β-Ionone,0
994,16666,2723888,0.9711899677174777,1M (-)-Menthol,10% (+)-2-Octanol,3
995,16666,5281163,0.9781286530184674,1M (-)-Menthol,1% Ethyl tiglate,1
996,16666,5281517,1.0668796347321625,1M (-)-Menthol,100% (E)-β-farnesene,1
997,16666,5319754,1.0455834877870702,1M (-)-Menthol,1% 2-Methyl-2-pentenal,0
998,16666,5367745,1.0064408838623173,1M (-)-Menthol,1% Isopropyl tiglate,1
999,16666,6433451,1.0034341270664668,1M (-)-Menthol,0.01% 2-Butene-1-thiol,0
1001,16724,16867,0.8862067930401777,1% (+)-Carvone,1% 2M2T,2
1002,16724,19310,0.99441812604105,1% (+)-Carvone,1% Dimethyl trisulfide,0
1003,16724,27457,1.0392908516287651,1% (+)-Carvone,1% 2-Ethyl-3-methylpyrazine,0
1004,16724,31244,0.852141271741207,1% (+)-Carvone,0.01% Anisaldehyde,2
1005,16724,31252,1.0310086942571175,1% (+)-Carvone,"1% 2,5-Dimethylpyrazine",1
1006,16724,31276,1.0042642773058887,1% (+)-Carvone,1% Isoamyl acetate,1
1007,16724,32052,0.9395871690102968,1% (+)-Carvone,1% β-Damascone,0
1008,16724,61653,0.9389615942588688,1% (+)-Carvone,1% nTMT,2
1009,16724,80080,0.9939230112961667,1% (+)-Carvone,10% (-)-2-Octanol,2
1010,16724,122370,1.0038723180388909,1% (+)-Carvone,100 µM (Methylthio)methanethiol,0
1011,16724,162148,0.9495139822161399,1% (+)-Carvone,0.01% SBT,0
1012,16724,165675,0.8707292558283408,1% (+)-Carvone,1M (+)-Menthol,3
1013,16724,263626,0.9330946107123079,1% (+)-Carvone,0.01% TMT,0
1014,16724,439570,0.21924985370626893,1% (+)-Carvone,1% (-)-Carvone,8
1015,16724,440917,0.9981875546394969,1% (+)-Carvone,1% (+)-Limonene,0
1016,16724,536095,1.0626243609547785,1% (+)-Carvone,77% DHB,0
1017,16724,637511,1.0672527040248527,1% (+)-Carvone,1% Trans-cinnamaldehyde,0
1018,16724,637523,1.0276890597288615,1% (+)-Carvone,1% Hexyl tiglate,0
1019,16724,638011,0.9732178189062085,1% (+)-Carvone,0.01% Citral,1
1020,16724,638014,1.0150624023996062,1% (+)-Carvone,1% β-Ionone,0
1021,16724,2723888,1.0417305198799869,1% (+)-Carvone,10% (+)-2-Octanol,2
1022,16724,5281163,0.9528459339186114,1% (+)-Carvone,1% Ethyl tiglate,0
1023,16724,5281517,1.0798689271057071,1% (+)-Carvone,100% (E)-β-farnesene,1
1024,16724,5319754,1.1506400617632637,1% (+)-Carvone,1% 2-Methyl-2-pentenal,0
1025,16724,5367745,0.8359376609536822,1% (+)-Carvone,1% Isopropyl tiglate,0
1026,16724,6433451,1.0536395238515723,1% (+)-Carvone,0.01% 2-Butene-1-thiol,0
1028,16867,19310,0.8752390599389291,1% 2M2T,1% Dimethyl trisulfide,2
1029,16867,27457,0.9489741288845165,1% 2M2T,1% 2-Ethyl-3-methylpyrazine,1
1030,16867,31244,1.1403429690709286,1% 2M2T,0.01% Anisaldehyde,0
1031,16867,31252,0.8201101865070458,1% 2M2T,"1% 2,5-Dimethylpyrazine",1
1032,16867,31276,1.057604784474364,1% 2M2T,1% Isoamyl acetate,0
1033,16867,32052,0.8880063050913304,1% 2M2T,1% β-Damascone,0
1034,16867,61653,0.8947932817571354,1% 2M2T,1% nTMT,5
1035,16867,80080,1.117297141961542,1% 2M2T,10% (-)-2-Octanol,0
1036,16867,122370,0.8514716522156446,1% 2M2T,100 µM (Methylthio)methanethiol,1
1037,16867,162148,0.9817619890368008,1% 2M2T,0.01% SBT,1
1038,16867,165675,0.9710694773701737,1% 2M2T,1M (+)-Menthol,1
1039,16867,263626,0.8755494200127413,1% 2M2T,0.01% TMT,1
1040,16867,439570,0.972676748451342,1% 2M2T,1% (-)-Carvone,1
1041,16867,440917,0.9081892960079225,1% 2M2T,1% (+)-Limonene,0
1042,16867,536095,1.0216114080707561,1% 2M2T,77% DHB,0
1043,16867,637511,0.8945342945383996,1% 2M2T,1% Trans-cinnamaldehyde,0
1044,16867,637523,0.9792854713540798,1% 2M2T,1% Hexyl tiglate,0
1045,16867,638011,1.0921068109290104,1% 2M2T,0.01% Citral,0
1046,16867,638014,1.1437802634502923,1% 2M2T,1% β-Ionone,0
1047,16867,2723888,1.0116785357864178,1% 2M2T,10% (+)-2-Octanol,2
1048,16867,5281163,1.0539410308074966,1% 2M2T,1% Ethyl tiglate,0
1049,16867,5281517,0.9796361061477926,1% 2M2T,100% (E)-β-farnesene,1
1050,16867,5319754,1.0135238058154368,1% 2M2T,1% 2-Methyl-2-pentenal,0
1051,16867,5367745,1.0930621891084364,1% 2M2T,1% Isopropyl tiglate,0
1052,16867,6433451,0.9807707278171025,1% 2M2T,0.01% 2-Butene-1-thiol,1
1054,19310,27457,0.987300156241442,1% Dimethyl trisulfide,1% 2-Ethyl-3-methylpyrazine,0
1055,19310,31244,0.9523064463095211,1% Dimethyl trisulfide,0.01% Anisaldehyde,2
1056,19310,31252,0.8797808293988945,1% Dimethyl trisulfide,"1% 2,5-Dimethylpyrazine",1
1057,19310,31276,1.0931127271237142,1% Dimethyl trisulfide,1% Isoamyl acetate,1
1058,19310,32052,1.0046953306325648,1% Dimethyl trisulfide,1% β-Damascone,0
1059,19310,61653,1.0547531980989187,1% Dimethyl trisulfide,1% nTMT,2
1060,19310,80080,1.1411592814456917,1% Dimethyl trisulfide,10% (-)-2-Octanol,0
1061,19310,122370,0.740092286549938,1% Dimethyl trisulfide,100 µM (Methylthio)methanethiol,3
1062,19310,162148,0.9786912609432201,1% Dimethyl trisulfide,0.01% SBT,0
1063,19310,165675,0.9750485337938429,1% Dimethyl trisulfide,1M (+)-Menthol,0
1064,19310,263626,0.935890081411247,1% Dimethyl trisulfide,0.01% TMT,2
1065,19310,439570,0.9762925961285931,1% Dimethyl trisulfide,1% (-)-Carvone,0
1066,19310,440917,1.021262499567861,1% Dimethyl trisulfide,1% (+)-Limonene,0
1067,19310,536095,1.0137765951180588,1% Dimethyl trisulfide,77% DHB,0
1068,19310,637511,0.8872113795802314,1% Dimethyl trisulfide,1% Trans-cinnamaldehyde,0
1069,19310,637523,0.9662354349222688,1% Dimethyl trisulfide,1% Hexyl tiglate,0
1070,19310,638011,1.0357681651330382,1% Dimethyl trisulfide,0.01% Citral,0
1071,19310,638014,1.0255827746383104,1% Dimethyl trisulfide,1% β-Ionone,0
1072,19310,2723888,1.061218813320957,1% Dimethyl trisulfide,10% (+)-2-Octanol,1
1073,19310,5281163,0.9708589912974782,1% Dimethyl trisulfide,1% Ethyl tiglate,2
1074,19310,5281517,0.9828379153093468,1% Dimethyl trisulfide,100% (E)-β-farnesene,0
1075,19310,5319754,0.9746740954096778,1% Dimethyl trisulfide,1% 2-Methyl-2-pentenal,0
1076,19310,5367745,1.0331762960659014,1% Dimethyl trisulfide,1% Isopropyl tiglate,0
1077,19310,6433451,0.7014084794323081,1% Dimethyl trisulfide,0.01% 2-Butene-1-thiol,6
1079,27457,31244,0.8729235313802839,1% 2-Ethyl-3-methylpyrazine,0.01% Anisaldehyde,0
1080,27457,31252,0.6288114730016044,1% 2-Ethyl-3-methylpyrazine,"1% 2,5-Dimethylpyrazine",3
1081,27457,31276,1.1410374858790118,1% 2-Ethyl-3-methylpyrazine,1% Isoamyl acetate,1
1082,27457,32052,0.9830077858592691,1% 2-Ethyl-3-methylpyrazine,1% β-Damascone,0
1083,27457,61653,0.8811992351145775,1% 2-Ethyl-3-methylpyrazine,1% nTMT,3
1084,27457,80080,1.1052201657249838,1% 2-Ethyl-3-methylpyrazine,10% (-)-2-Octanol,0
1085,27457,122370,1.0485971672395287,1% 2-Ethyl-3-methylpyrazine,100 µM (Methylthio)methanethiol,0
1086,27457,162148,0.96756960728278,1% 2-Ethyl-3-methylpyrazine,0.01% SBT,0
1087,27457,165675,1.0245083283798597,1% 2-Ethyl-3-methylpyrazine,1M (+)-Menthol,1
1088,27457,263626,0.9066252787851234,1% 2-Ethyl-3-methylpyrazine,0.01% TMT,0
1089,27457,439570,1.018622034403423,1% 2-Ethyl-3-methylpyrazine,1% (-)-Carvone,0
1090,27457,440917,0.901858902089673,1% 2-Ethyl-3-methylpyrazine,1% (+)-Limonene,0
1091,27457,536095,1.063021353436382,1% 2-Ethyl-3-methylpyrazine,77% DHB,1
1092,27457,637511,0.962909090303004,1% 2-Ethyl-3-methylpyrazine,1% Trans-cinnamaldehyde,1
1093,27457,637523,0.6973660422217285,1% 2-Ethyl-3-methylpyrazine,1% Hexyl tiglate,0
1094,27457,638011,0.9861392704526794,1% 2-Ethyl-3-methylpyrazine,0.01% Citral,0
1095,27457,638014,1.08067267845661,1% 2-Ethyl-3-methylpyrazine,1% β-Ionone,0
1096,27457,2723888,1.1070360042089757,1% 2-Ethyl-3-methylpyrazine,10% (+)-2-Octanol,0
1097,27457,5281163,1.0393277334800266,1% 2-Ethyl-3-methylpyrazine,1% Ethyl tiglate,1
1098,27457,5281517,0.97755923664015,1% 2-Ethyl-3-methylpyrazine,100% (E)-β-farnesene,1
1099,27457,5319754,1.066449782105479,1% 2-Ethyl-3-methylpyrazine,1% 2-Methyl-2-pentenal,1
1100,27457,5367745,0.9124713032340297,1% 2-Ethyl-3-methylpyrazine,1% Isopropyl tiglate,0
1101,27457,6433451,1.0979570101389609,1% 2-Ethyl-3-methylpyrazine,0.01% 2-Butene-1-thiol,0
1103,31244,31252,0.9399190373625217,0.01% Anisaldehyde,"1% 2,5-Dimethylpyrazine",2
1104,31244,31276,1.092536985503634,0.01% Anisaldehyde,1% Isoamyl acetate,1
1105,31244,32052,0.9825406723635524,0.01% Anisaldehyde,1% β-Damascone,0
1106,31244,61653,0.9193624506184107,0.01% Anisaldehyde,1% nTMT,3
1107,31244,80080,1.0770178959561159,0.01% Anisaldehyde,10% (-)-2-Octanol,0
1108,31244,122370,1.0651933334971049,0.01% Anisaldehyde,100 µM (Methylthio)methanethiol,0
1109,31244,162148,0.9500932270556502,0.01% Anisaldehyde,0.01% SBT,0
1110,31244,165675,1.0569695854706758,0.01% Anisaldehyde,1M (+)-Menthol,0
1111,31244,263626,0.9860837319195371,0.01% Anisaldehyde,0.01% TMT,0
1112,31244,439570,0.7681105094662419,0.01% Anisaldehyde,1% (-)-Carvone,1
1113,31244,440917,0.9160545500334047,0.01% Anisaldehyde,1% (+)-Limonene,0
1114,31244,536095,1.1515787237626052,0.01% Anisaldehyde,77% DHB,0
1115,31244,637511,0.919143269829085,0.01% Anisaldehyde,1% Trans-cinnamaldehyde,0
1116,31244,637523,0.9458528364801336,0.01% Anisaldehyde,1% Hexyl tiglate,0
1117,31244,638011,0.8661507058880331,0.01% Anisaldehyde,0.01% Citral,0
1118,31244,638014,0.8672172982623386,0.01% Anisaldehyde,1% β-Ionone,0
1119,31244,2723888,1.098230135927718,0.01% Anisaldehyde,10% (+)-2-Octanol,0
1120,31244,5281163,1.0320864043496045,0.01% Anisaldehyde,1% Ethyl tiglate,0
1121,31244,5281517,1.0711810393081886,0.01% Anisaldehyde,100% (E)-β-farnesene,1
1122,31244,5319754,1.1510926878909076,0.01% Anisaldehyde,1% 2-Methyl-2-pentenal,0
1123,31244,5367745,0.9093332794477025,0.01% Anisaldehyde,1% Isopropyl tiglate,0
1124,31244,6433451,1.0928072744470536,0.01% Anisaldehyde,0.01% 2-Butene-1-thiol,0
1126,31252,31276,1.142013386977159,"1% 2,5-Dimethylpyrazine",1% Isoamyl acetate,0
1127,31252,32052,0.9892289476575744,"1% 2,5-Dimethylpyrazine",1% β-Damascone,0
1128,31252,61653,1.0317608822108677,"1% 2,5-Dimethylpyrazine",1% nTMT,4
1129,31252,80080,1.11697523048351,"1% 2,5-Dimethylpyrazine",10% (-)-2-Octanol,0
1130,31252,122370,0.6321899764587792,"1% 2,5-Dimethylpyrazine",100 µM (Methylthio)methanethiol,0
1131,31252,162148,1.0142946646876627,"1% 2,5-Dimethylpyrazine",0.01% SBT,0
1132,31252,165675,0.9935934812196822,"1% 2,5-Dimethylpyrazine",1M (+)-Menthol,0
1133,31252,263626,0.8793222722519952,"1% 2,5-Dimethylpyrazine",0.01% TMT,0
1134,31252,439570,1.0279551979901513,"1% 2,5-Dimethylpyrazine",1% (-)-Carvone,0
1135,31252,440917,0.8498658036804545,"1% 2,5-Dimethylpyrazine",1% (+)-Limonene,0
1136,31252,536095,1.086499486241741,"1% 2,5-Dimethylpyrazine",77% DHB,0
1137,31252,637511,0.9388092919755959,"1% 2,5-Dimethylpyrazine",1% Trans-cinnamaldehyde,0
1138,31252,637523,1.02688026226856,"1% 2,5-Dimethylpyrazine",1% Hexyl tiglate,0
1139,31252,638011,0.9841571446767662,"1% 2,5-Dimethylpyrazine",0.01% Citral,0
1140,31252,638014,1.049878911814297,"1% 2,5-Dimethylpyrazine",1% β-Ionone,0
1141,31252,2723888,1.0647033927968965,"1% 2,5-Dimethylpyrazine",10% (+)-2-Octanol,0
1142,31252,5281163,1.0542307929636854,"1% 2,5-Dimethylpyrazine",1% Ethyl tiglate,0
1143,31252,5281517,0.7148731835677318,"1% 2,5-Dimethylpyrazine",100% (E)-β-farnesene,1
1144,31252,5319754,0.9575994325761946,"1% 2,5-Dimethylpyrazine",1% 2-Methyl-2-pentenal,0
1145,31252,5367745,1.188671847115471,"1% 2,5-Dimethylpyrazine",1% Isopropyl tiglate,0
1146,31252,6433451,1.0368667180099984,"1% 2,5-Dimethylpyrazine",0.01% 2-Butene-1-thiol,0
1148,31276,32052,1.00838623209274,1% Isoamyl acetate,1% β-Damascone,1
1149,31276,61653,0.8445615593117461,1% Isoamyl acetate,1% nTMT,1
1150,31276,80080,0.7822288277485198,1% Isoamyl acetate,10% (-)-2-Octanol,2
1151,31276,122370,1.0663973999425955,1% Isoamyl acetate,100 µM (Methylthio)methanethiol,1
1152,31276,162148,1.018437423685189,1% Isoamyl acetate,0.01% SBT,1
1153,31276,165675,1.0955813314202403,1% Isoamyl acetate,1M (+)-Menthol,0
1154,31276,263626,0.9595460887171559,1% Isoamyl acetate,0.01% TMT,1
1155,31276,439570,1.0005567644617477,1% Isoamyl acetate,1% (-)-Carvone,1
1156,31276,440917,1.0807549481687897,1% Isoamyl acetate,1% (+)-Limonene,0
1157,31276,536095,0.8600242359015274,1% Isoamyl acetate,77% DHB,1
1158,31276,637511,1.1532058477241907,1% Isoamyl acetate,1% Trans-cinnamaldehyde,0
1159,31276,637523,0.9293574396065956,1% Isoamyl acetate,1% Hexyl tiglate,0
1160,31276,638011,1.1646783562457104,1% Isoamyl acetate,0.01% Citral,0
1161,31276,638014,0.9460562639961548,1% Isoamyl acetate,1% β-Ionone,0
1162,31276,2723888,0.7907288606940985,1% Isoamyl acetate,10% (+)-2-Octanol,10
1163,31276,5281163,0.830110765522505,1% Isoamyl acetate,1% Ethyl tiglate,0
1164,31276,5281517,1.0197799429900936,1% Isoamyl acetate,100% (E)-β-farnesene,3
1165,31276,5319754,0.964437814866546,1% Isoamyl acetate,1% 2-Methyl-2-pentenal,0
1166,31276,5367745,0.8473733657021902,1% Isoamyl acetate,1% Isopropyl tiglate,0
1167,31276,6433451,0.9239778899023336,1% Isoamyl acetate,0.01% 2-Butene-1-thiol,0
1169,32052,61653,1.1093069698177769,1% β-Damascone,1% nTMT,1
1170,32052,80080,1.0739143554848647,1% β-Damascone,10% (-)-2-Octanol,0
1171,32052,122370,0.9435685878332053,1% β-Damascone,100 µM (Methylthio)methanethiol,0
1172,32052,162148,0.730497696022566,1% β-Damascone,0.01% SBT,0
1173,32052,165675,0.7390336573808436,1% β-Damascone,1M (+)-Menthol,2
1174,32052,263626,0.8702111573468805,1% β-Damascone,0.01% TMT,0
1175,32052,439570,0.9688957911451971,1% β-Damascone,1% (-)-Carvone,0
1176,32052,440917,1.0596303216144516,1% β-Damascone,1% (+)-Limonene,0
1177,32052,536095,1.0473195207968717,1% β-Damascone,77% DHB,0
1178,32052,637511,1.049941197808984,1% β-Damascone,1% Trans-cinnamaldehyde,0
1179,32052,637523,1.0721803529979708,1% β-Damascone,1% Hexyl tiglate,0
1180,32052,638011,1.009575574361858,1% β-Damascone,0.01% Citral,0
1181,32052,638014,0.8918246320046629,1% β-Damascone,1% β-Ionone,0
1182,32052,2723888,1.0343470787132585,1% β-Damascone,10% (+)-2-Octanol,0
1183,32052,5281163,1.0571083878899097,1% β-Damascone,1% Ethyl tiglate,0
1184,32052,5281517,1.0200953526887504,1% β-Damascone,100% (E)-β-farnesene,1
1185,32052,5319754,1.104898603979208,1% β-Damascone,1% 2-Methyl-2-pentenal,0
1186,32052,5367745,1.0198264686379912,1% β-Damascone,1% Isopropyl tiglate,0
1187,32052,6433451,0.9997484179961339,1% β-Damascone,0.01% 2-Butene-1-thiol,0
1189,61653,80080,0.9544530981472593,1% nTMT,10% (-)-2-Octanol,0
1190,61653,122370,1.0874826753963398,1% nTMT,100 µM (Methylthio)methanethiol,0
1191,61653,162148,1.0705822380779344,1% nTMT,0.01% SBT,2
1192,61653,165675,1.018582049947757,1% nTMT,1M (+)-Menthol,2
1193,61653,263626,0.9542765422569416,1% nTMT,0.01% TMT,0
1194,61653,439570,0.9788804578278572,1% nTMT,1% (-)-Carvone,0
1195,61653,440917,1.0006722103610803,1% nTMT,1% (+)-Limonene,0
1196,61653,536095,0.9245285149221485,1% nTMT,77% DHB,3
1197,61653,637511,1.1549725474256354,1% nTMT,1% Trans-cinnamaldehyde,0
1198,61653,637523,1.0439948099340968,1% nTMT,1% Hexyl tiglate,0
1199,61653,638011,1.0881744201968573,1% nTMT,0.01% Citral,0
1200,61653,638014,1.034275295185123,1% nTMT,1% β-Ionone,0
1201,61653,2723888,0.9646537176550531,1% nTMT,10% (+)-2-Octanol,1
1202,61653,5281163,0.9430067198410058,1% nTMT,1% Ethyl tiglate,0
1203,61653,5281517,1.0476147736296682,1% nTMT,100% (E)-β-farnesene,1
1204,61653,5319754,1.1128865183514085,1% nTMT,1% 2-Methyl-2-pentenal,0
1205,61653,5367745,0.8554352418064466,1% nTMT,1% Isopropyl tiglate,0
1206,61653,6433451,1.017929716977849,1% nTMT,0.01% 2-Butene-1-thiol,0
1208,80080,122370,1.0844276206510068,10% (-)-2-Octanol,100 µM (Methylthio)methanethiol,0
1209,80080,162148,1.1727268223350338,10% (-)-2-Octanol,0.01% SBT,0
1210,80080,165675,1.011142945082778,10% (-)-2-Octanol,1M (+)-Menthol,1
1211,80080,263626,1.1340483209534644,10% (-)-2-Octanol,0.01% TMT,0
1212,80080,439570,0.9903844832839273,10% (-)-2-Octanol,1% (-)-Carvone,2
1213,80080,440917,0.8796443078846323,10% (-)-2-Octanol,1% (+)-Limonene,1
1214,80080,536095,0.7198297290762575,10% (-)-2-Octanol,77% DHB,0
1215,80080,637511,1.220993837922626,10% (-)-2-Octanol,1% Trans-cinnamaldehyde,0
1216,80080,637523,1.003576886563604,10% (-)-2-Octanol,1% Hexyl tiglate,0
1217,80080,638011,0.9306555476020603,10% (-)-2-Octanol,0.01% Citral,5
1218,80080,638014,0.9859859234511327,10% (-)-2-Octanol,1% β-Ionone,1
1219,80080,2723888,0.2214598491627756,10% (-)-2-Octanol,10% (+)-2-Octanol,27
1220,80080,5281163,0.8722167506465874,10% (-)-2-Octanol,1% Ethyl tiglate,0
1221,80080,5281517,1.030482620670399,10% (-)-2-Octanol,100% (E)-β-farnesene,3
1222,80080,5319754,1.0730831658309696,10% (-)-2-Octanol,1% 2-Methyl-2-pentenal,1
1223,80080,5367745,0.8528688623440632,10% (-)-2-Octanol,1% Isopropyl tiglate,1
1224,80080,6433451,0.9468020515049936,10% (-)-2-Octanol,0.01% 2-Butene-1-thiol,0
1226,122370,162148,1.0667825324649012,100 µM (Methylthio)methanethiol,0.01% SBT,0
1227,122370,165675,0.8811103758198319,100 µM (Methylthio)methanethiol,1M (+)-Menthol,0
1228,122370,263626,0.9293272868927565,100 µM (Methylthio)methanethiol,0.01% TMT,2
1229,122370,439570,1.0323673085999865,100 µM (Methylthio)methanethiol,1% (-)-Carvone,0
1230,122370,440917,0.8717012295958109,100 µM (Methylthio)methanethiol,1% (+)-Limonene,0
1231,122370,536095,0.9719929899795084,100 µM (Methylthio)methanethiol,77% DHB,0
1232,122370,637511,0.886575706410671,100 µM (Methylthio)methanethiol,1% Trans-cinnamaldehyde,0
1233,122370,637523,0.9525541170765556,100 µM (Methylthio)methanethiol,1% Hexyl tiglate,0
1234,122370,638011,0.982808340105735,100 µM (Methylthio)methanethiol,0.01% Citral,0
1235,122370,638014,1.0373856909611998,100 µM (Methylthio)methanethiol,1% β-Ionone,0
1236,122370,2723888,1.072038481156466,100 µM (Methylthio)methanethiol,10% (+)-2-Octanol,0
1237,122370,5281163,0.9908068631816911,100 µM (Methylthio)methanethiol,1% Ethyl tiglate,0
1238,122370,5281517,0.6954963180238753,100 µM (Methylthio)methanethiol,100% (E)-β-farnesene,0
1239,122370,5319754,0.9259310207195505,100 µM (Methylthio)methanethiol,1% 2-Methyl-2-pentenal,0
1240,122370,5367745,1.0604333364885625,100 µM (Methylthio)methanethiol,1% Isopropyl tiglate,0
1241,122370,6433451,0.8566067091805711,100 µM (Methylthio)methanethiol,0.01% 2-Butene-1-thiol,3
1243,162148,165675,0.9047307036281815,0.01% SBT,1M (+)-Menthol,0
1244,162148,263626,0.8311986906239759,0.01% SBT,0.01% TMT,0
1245,162148,439570,0.8675308571991515,0.01% SBT,1% (-)-Carvone,0
1246,162148,440917,1.0639423437978983,0.01% SBT,1% (+)-Limonene,0
1247,162148,536095,1.1022437563913852,0.01% SBT,77% DHB,1
1248,162148,637511,0.907491504132535,0.01% SBT,1% Trans-cinnamaldehyde,0
1249,162148,637523,1.1413811951324724,0.01% SBT,1% Hexyl tiglate,0
1250,162148,638011,0.9654838853206918,0.01% SBT,0.01% Citral,0
1251,162148,638014,0.9402873733514964,0.01% SBT,1% β-Ionone,0
1252,162148,2723888,1.077444027766759,0.01% SBT,10% (+)-2-Octanol,1
1253,162148,5281163,1.0185196567339352,0.01% SBT,1% Ethyl tiglate,0
1254,162148,5281517,0.9903457233426902,0.01% SBT,100% (E)-β-farnesene,0
1255,162148,5319754,1.0637117363175712,0.01% SBT,1% 2-Methyl-2-pentenal,0
1256,162148,5367745,1.0176856823271752,0.01% SBT,1% Isopropyl tiglate,0
1257,162148,6433451,1.0962084286086213,0.01% SBT,0.01% 2-Butene-1-thiol,0
1259,165675,263626,1.0201015921822292,1M (+)-Menthol,0.01% TMT,0
1260,165675,439570,0.9699419941285713,1M (+)-Menthol,1% (-)-Carvone,2
1261,165675,440917,1.1196411559853643,1M (+)-Menthol,1% (+)-Limonene,0
1262,165675,536095,1.0480690956759688,1M (+)-Menthol,77% DHB,0
1263,165675,637511,1.0366008670376656,1M (+)-Menthol,1% Trans-cinnamaldehyde,0
1264,165675,637523,1.0261678440093622,1M (+)-Menthol,1% Hexyl tiglate,0
1265,165675,638011,0.847535787396497,1M (+)-Menthol,0.01% Citral,1
1266,165675,638014,0.9314043196701852,1M (+)-Menthol,1% β-Ionone,0
1267,165675,2723888,0.969591810169945,1M (+)-Menthol,10% (+)-2-Octanol,3
1268,165675,5281163,1.0540711329689867,1M (+)-Menthol,1% Ethyl tiglate,1
1269,165675,5281517,0.9872980950321376,1M (+)-Menthol,100% (E)-β-farnesene,0
1270,165675,5319754,1.013545086551688,1M (+)-Menthol,1% 2-Methyl-2-pentenal,0
1271,165675,5367745,1.0077578505681637,1M (+)-Menthol,1% Isopropyl tiglate,1
1272,165675,6433451,1.0765134600121853,1M (+)-Menthol,0.01% 2-Butene-1-thiol,0
1274,263626,439570,0.8596101208339495,0.01% TMT,1% (-)-Carvone,0
1275,263626,440917,0.9946271704970323,0.01% TMT,1% (+)-Limonene,0
1276,263626,536095,1.0634687406161483,0.01% TMT,77% DHB,0
1277,263626,637511,0.9306649454900245,0.01% TMT,1% Trans-cinnamaldehyde,0
1278,263626,637523,1.1122876652900633,0.01% TMT,1% Hexyl tiglate,0
1279,263626,638011,0.9260615894265765,0.01% TMT,0.01% Citral,0
1280,263626,638014,1.028320843613604,0.01% TMT,1% β-Ionone,0
1281,263626,2723888,1.0399165237836903,0.01% TMT,10% (+)-2-Octanol,0
1282,263626,5281163,1.1016426919272575,0.01% TMT,1% Ethyl tiglate,0
1283,263626,5281517,0.9561285914443236,0.01% TMT,100% (E)-β-farnesene,0
1284,263626,5319754,1.1510540043639315,0.01% TMT,1% 2-Methyl-2-pentenal,0
1285,263626,5367745,1.0969023773099174,0.01% TMT,1% Isopropyl tiglate,0
1286,263626,6433451,0.977974883447368,0.01% TMT,0.01% 2-Butene-1-thiol,1
1288,439570,440917,0.967618945893987,1% (-)-Carvone,1% (+)-Limonene,0
1289,439570,536095,1.0319689100071527,1% (-)-Carvone,77% DHB,0
1290,439570,637511,1.0212870350705618,1% (-)-Carvone,1% Trans-cinnamaldehyde,0
1291,439570,637523,1.1240123240813018,1% (-)-Carvone,1% Hexyl tiglate,0
1292,439570,638011,0.9420330490686626,1% (-)-Carvone,0.01% Citral,0
1293,439570,638014,0.9809321716236351,1% (-)-Carvone,1% β-Ionone,0
1294,439570,2723888,0.9880231350073523,1% (-)-Carvone,10% (+)-2-Octanol,2
1295,439570,5281163,0.9786880118171206,1% (-)-Carvone,1% Ethyl tiglate,0
1296,439570,5281517,1.0557798213018734,1% (-)-Carvone,100% (E)-β-farnesene,0
1297,439570,5319754,1.1248034431478542,1% (-)-Carvone,1% 2-Methyl-2-pentenal,0
1298,439570,5367745,0.8753374701046167,1% (-)-Carvone,1% Isopropyl tiglate,0
1299,439570,6433451,1.0155929449927332,1% (-)-Carvone,0.01% 2-Butene-1-thiol,0
1301,440917,536095,1.0581424741775936,1% (+)-Limonene,77% DHB,0
1302,440917,637511,0.9154030029631887,1% (+)-Limonene,1% Trans-cinnamaldehyde,0
1303,440917,637523,1.0026484263419801,1% (+)-Limonene,1% Hexyl tiglate,0
1304,440917,638011,1.0703061863142247,1% (+)-Limonene,0.01% Citral,0
1305,440917,638014,1.022524504673742,1% (+)-Limonene,1% β-Ionone,0
1306,440917,2723888,0.8520820863957368,1% (+)-Limonene,10% (+)-2-Octanol,1
1307,440917,5281163,1.1029548314746265,1% (+)-Limonene,1% Ethyl tiglate,0
1308,440917,5281517,0.9487322067077835,1% (+)-Limonene,100% (E)-β-farnesene,0
1309,440917,5319754,0.9849768137657124,1% (+)-Limonene,1% 2-Methyl-2-pentenal,0
1310,440917,5367745,1.1496270972607197,1% (+)-Limonene,1% Isopropyl tiglate,0
1311,440917,6433451,1.0172944506106136,1% (+)-Limonene,0.01% 2-Butene-1-thiol,0
1313,536095,637511,0.964519133966738,77% DHB,1% Trans-cinnamaldehyde,0
1314,536095,637523,1.0133612702914803,77% DHB,1% Hexyl tiglate,0
1315,536095,638011,1.1043638427574765,77% DHB,0.01% Citral,0
1316,536095,638014,1.0038218497101887,77% DHB,1% β-Ionone,1
1317,536095,2723888,0.7503995219210534,77% DHB,10% (+)-2-Octanol,0
1318,536095,5281163,0.794863527625768,77% DHB,1% Ethyl tiglate,0
1319,536095,5281517,0.9503762346636062,77% DHB,100% (E)-β-farnesene,0
1320,536095,5319754,0.8920806419938888,77% DHB,1% 2-Methyl-2-pentenal,1
1321,536095,5367745,0.8978716394342898,77% DHB,1% Isopropyl tiglate,0
1322,536095,6433451,0.908826988642689,77% DHB,0.01% 2-Butene-1-thiol,0
1324,637511,637523,0.9110175913486606,1% Trans-cinnamaldehyde,1% Hexyl tiglate,0
1325,637511,638011,0.9807912303578264,1% Trans-cinnamaldehyde,0.01% Citral,0
1326,637511,638014,1.1507218371211012,1% Trans-cinnamaldehyde,1% β-Ionone,0
1327,637511,2723888,1.1699927413913302,1% Trans-cinnamaldehyde,10% (+)-2-Octanol,0
1328,637511,5281163,1.0519316073067484,1% Trans-cinnamaldehyde,1% Ethyl tiglate,0
1329,637511,5281517,0.9245920577996692,1% Trans-cinnamaldehyde,100% (E)-β-farnesene,1
1330,637511,5319754,0.5970498778200433,1% Trans-cinnamaldehyde,1% 2-Methyl-2-pentenal,1
1331,637511,5367745,1.1174955861465543,1% Trans-cinnamaldehyde,1% Isopropyl tiglate,0
1332,637511,6433451,1.029321812482718,1% Trans-cinnamaldehyde,0.01% 2-Butene-1-thiol,0
1334,637523,638011,1.0515675317382416,1% Hexyl tiglate,0.01% Citral,0
1335,637523,638014,0.9587212681720454,1% Hexyl tiglate,1% β-Ionone,0
1336,637523,2723888,1.074367842970658,1% Hexyl tiglate,10% (+)-2-Octanol,0
1337,637523,5281163,1.0331325699051621,1% Hexyl tiglate,1% Ethyl tiglate,0
1338,637523,5281517,0.9577720390302157,1% Hexyl tiglate,100% (E)-β-farnesene,0
1339,637523,5319754,0.9590732541959244,1% Hexyl tiglate,1% 2-Methyl-2-pentenal,0
1340,637523,5367745,0.6101814802228438,1% Hexyl tiglate,1% Isopropyl tiglate,0
1341,637523,6433451,0.9976447293320873,1% Hexyl tiglate,0.01% 2-Butene-1-thiol,0
1343,638011,638014,1.0001267467251538,0.01% Citral,1% β-Ionone,1
1344,638011,2723888,0.998848924201253,0.01% Citral,10% (+)-2-Octanol,4
1345,638011,5281163,1.0112333091736916,0.01% Citral,1% Ethyl tiglate,0
1346,638011,5281517,0.9255772123738988,0.01% Citral,100% (E)-β-farnesene,2
1347,638011,5319754,1.0024286559383404,0.01% Citral,1% 2-Methyl-2-pentenal,0
1348,638011,5367745,0.9551110227826243,0.01% Citral,1% Isopropyl tiglate,1
1349,638011,6433451,1.0505379742799172,0.01% Citral,0.01% 2-Butene-1-thiol,0
1351,638014,2723888,0.9968928274461347,1% β-Ionone,10% (+)-2-Octanol,1
1352,638014,5281163,0.993845002473515,1% β-Ionone,1% Ethyl tiglate,0
1353,638014,5281517,0.900385877812923,1% β-Ionone,100% (E)-β-farnesene,0
1354,638014,5319754,1.0550024295915013,1% β-Ionone,1% 2-Methyl-2-pentenal,1
1355,638014,5367745,0.9164059783266458,1% β-Ionone,1% Isopropyl tiglate,0
1356,638014,6433451,1.022906169391899,1% β-Ionone,0.01% 2-Butene-1-thiol,0
1358,2723888,5281163,0.8193861374845506,10% (+)-2-Octanol,1% Ethyl tiglate,2
1359,2723888,5281517,0.9923606715186305,10% (+)-2-Octanol,100% (E)-β-farnesene,5
1360,2723888,5319754,1.0648388209231063,10% (+)-2-Octanol,1% 2-Methyl-2-pentenal,1
1361,2723888,5367745,0.9029058896975122,10% (+)-2-Octanol,1% Isopropyl tiglate,2
1362,2723888,6433451,0.9730303817515213,10% (+)-2-Octanol,0.01% 2-Butene-1-thiol,0
1364,5281163,5281517,0.9576867624289997,1% Ethyl tiglate,100% (E)-β-farnesene,0
1365,5281163,5319754,0.8829045743299329,1% Ethyl tiglate,1% 2-Methyl-2-pentenal,1
1366,5281163,5367745,0.7790549982767434,1% Ethyl tiglate,1% Isopropyl tiglate,0
1367,5281163,6433451,0.971462231593895,1% Ethyl tiglate,0.01% 2-Butene-1-thiol,1
1369,5281517,5319754,0.7936193211049782,100% (E)-β-farnesene,1% 2-Methyl-2-pentenal,4
1370,5281517,5367745,0.9722449779733514,100% (E)-β-farnesene,1% Isopropyl tiglate,0
1371,5281517,6433451,1.0526955389796844,100% (E)-β-farnesene,0.01% 2-Butene-1-thiol,1
1373,5319754,5367745,1.012407637340076,1% 2-Methyl-2-pentenal,1% Isopropyl tiglate,0
1374,5319754,6433451,0.953704393393307,1% 2-Methyl-2-pentenal,0.01% 2-Butene-1-thiol,0
1376,5367745,6433451,0.9369312860441247,1% Isopropyl tiglate,0.01% 2-Butene-1-thiol,0
